-- phpMyAdmin SQL Dump
-- version 4.8.3
-- https://www.phpmyadmin.net/
--
-- Хост: 127.0.0.1:3306
-- Время создания: Окт 05 2019 г., 20:03
-- Версия сервера: 5.6.41
-- Версия PHP: 5.6.38

SET SQL_MODE = "NO_AUTO_VALUE_ON_ZERO";
SET AUTOCOMMIT = 0;
START TRANSACTION;
SET time_zone = "+00:00";


/*!40101 SET @OLD_CHARACTER_SET_CLIENT=@@CHARACTER_SET_CLIENT */;
/*!40101 SET @OLD_CHARACTER_SET_RESULTS=@@CHARACTER_SET_RESULTS */;
/*!40101 SET @OLD_COLLATION_CONNECTION=@@COLLATION_CONNECTION */;
/*!40101 SET NAMES utf8mb4 */;

--
-- База данных: `crm5.2`
--

DELIMITER $$
--
-- Процедуры
--
CREATE DEFINER=`root`@`%` PROCEDURE `getVGDebts` ()  READS SQL DATA
SELECT DISTINCT VD.name AS `VG`, P.sum  AS `сумма задолженности`, F.full_name AS `валюта`
FROM vg_data VD INNER JOIN vg_purchases VP ON VD.vg_data_id = VP.vg_data_id 
INNER JOIN fiats F ON F.fiat_id = VP.fiat_id
INNER JOIN payments P ON P.fiat_id = VP.fiat_id and P.vg_data_debt_id = VP.vg_data_id
WHERE P.sum > 0$$

CREATE DEFINER=`root`@`%` PROCEDURE `getVGProcessing` ()  NO SQL
SELECT concat(V.name, ", ",VD.name), 
vg_prev_amount AS 'прошлое расчетное количество', 
vg_prev_api_amount AS 'прошлое количество по API',
vg_amount AS 'текущее расчетное количество', 
vg_api_amount AS 'текущее количество по API'
FROM virtualgood V 
INNER JOIN vg_data VD ON V.vg_id = VD.vg_id$$

CREATE DEFINER=`root`@`%` PROCEDURE `test` (IN `bR` INT(11))  READS SQL DATA
SELECT DISTINCT  VD.name, F.name AS `kek`
FROM vg_data VD INNER JOIN vg_purchases VP ON VD.vg_data_id = VP.vg_data_id
INNER JOIN fiats F ON F.fiat_id = VP.fiat_id
WHERE VD.branch_id = bR$$

DELIMITER ;

-- --------------------------------------------------------

--
-- Структура таблицы `branch`
--

CREATE TABLE `branch` (
  `branch_id` int(11) NOT NULL,
  `branch_name` varchar(40) NOT NULL,
  `active` tinyint(1) NOT NULL DEFAULT '1',
  `ik_id` varchar(200) DEFAULT NULL
) ENGINE=InnoDB DEFAULT CHARSET=utf8;

--
-- Дамп данных таблицы `branch`
--

INSERT INTO `branch` (`branch_id`, `branch_name`, `active`, `ik_id`) VALUES
(1, 'main', 1, '5d2c387f1ae1bdf68a8b4567'),
(3, 'eligendi', 1, '5d2c387f1ae1bdf68a8b4567'),
(5, 'adipisci', 1, '5d2c387f1ae1bdf68a8b4567'),
(9, 'Di &co', 1, '5d2c387f1ae1bdf68a8b4567'),
(10, 'new-test', 1, '5d2c387f1ae1bdf68a8b4567'),
(11, 'tttt', 1, '21dawfrwefawfw23');

-- --------------------------------------------------------

--
-- Структура таблицы `clients`
--

CREATE TABLE `clients` (
  `client_id` int(11) NOT NULL,
  `user_id` int(11) NOT NULL,
  `last_name` varchar(30) DEFAULT NULL,
  `first_name` varchar(30) DEFAULT NULL,
  `byname` varchar(20) DEFAULT NULL,
  `phone_number` varchar(20) DEFAULT NULL,
  `email` varchar(40) DEFAULT NULL,
  `description` varchar(500) DEFAULT NULL,
  `telegram` varchar(30) DEFAULT NULL,
  `max_debt` decimal(10,2) DEFAULT '0.00',
  `password` varchar(20) DEFAULT NULL,
  `pay_page` tinyint(1) NOT NULL DEFAULT '1',
  `pay_in_debt` tinyint(1) NOT NULL DEFAULT '1',
  `payment_system` tinyint(1) NOT NULL DEFAULT '1',
  `login` varchar(20) DEFAULT NULL
) ENGINE=InnoDB DEFAULT CHARSET=cp1251;

--
-- Дамп данных таблицы `clients`
--

INSERT INTO `clients` (`client_id`, `user_id`, `last_name`, `first_name`, `byname`, `phone_number`, `email`, `description`, `telegram`, `max_debt`, `password`, `pay_page`, `pay_in_debt`, `payment_system`, `login`) VALUES
(55, 26, 'Юрчик-наталья', 'Наталья2', '', '', '', 'Жена и брат Саши из купидиона, каменец-подольского', '', '0.00', '', 0, 0, 0, ''),
(56, 26, '', 'Аркадий', '438472', '', '', 'Карликовый армян', '', '0.00', '', 0, 0, 0, '438472'),
(57, 26, 'Луганский', 'Дима', '862117', '', '', 'С него надо бы в дальнейшем давать откат Леше1', '', '0.00', '', 0, 0, 0, '862117'),
(58, 26, 'Киев (Игоря)', 'Богданн', '805137', '', '', 'старый клиент Игоря', '', '0.00', '203OOWWZ4v0rT6', 0, 0, 0, '805137'),
(59, 26, '', 'Саша Полтава', '706154', '', '', '', '', '0.00', '', 0, 0, 0, '706154'),
(60, 26, '', 'Дима Мельник', '326087', '', '', 'старый клиент Игоря', '', '30000.00', '14Za166Or1va2r', 1, 1, 0, '326087'),
(61, 26, '', 'Женя Осинский (Игоря)', '303242', '', '', '', '', '0.00', '6vr3eOv6Z2Z234', 0, 0, 0, '303242'),
(62, 26, '', 'Гарик и Анна', '467343', '', '', 'Армян на анаболиках из Ильичевска', '', '0.00', '', 0, 0, 0, '467343'),
(63, 26, 'Ден игровой', 'Ира (клиент Игоря))', '900652', '', '', '', '', '0.00', '', 0, 0, 0, '900652'),
(64, 26, '', 'Гена 2 (другой)', '974358', '', '', '', '', '0.00', '', 0, 0, 0, '974358'),
(65, 26, '', 'Вова белка', '167408', '', '', '', '', '0.00', '', 0, 0, 0, '167408'),
(66, 26, '', 'Сева Днепр', '800445', '', '', '', '', '0.00', '', 0, 0, 0, '800445'),
(67, 26, 'Second', 'Юра (раньше с Дено)', '640287', '', '', '', '', '0.00', '8W4Z5250231ve8', 0, 0, 0, '640287'),
(68, 26, '', 'Вадим Ровно', '530870', '', '', '', '', '0.00', '', 0, 0, 0, '530870'),
(69, 26, '', 'Саша север', '136455', '', '', '', '', '0.00', '', 0, 0, 0, '136455'),
(70, 26, '', 'Дима Анжела (славянск)', '475684', '', '', '', '', '0.00', '', 0, 0, 0, '475684'),
(71, 26, '', 'Дима Говорова', '234822', '', '', '', '', '0.00', '', 0, 0, 0, '234822'),
(72, 26, '', 'Дима Каминский', '518870', '', '', '', '', '0.00', '', 0, 0, 0, '518870'),
(73, 26, '', 'Сергей Ильичевск (булавин)', '564753', '', '', '', '', '0.00', '', 0, 0, 0, '564753'),
(74, 26, '', 'Алена Додашвили', '483723', '', '', '', '', '0.00', '', 0, 0, 0, '483723'),
(75, 26, '', 'Андрей Миргород', '583504', '', '', '', '', '0.00', '', 0, 0, 0, '583504'),
(76, 29, 'Client', 'Test', '730724', '2141231', 'Valentin230iv@gmail.com', '', 'вымфмы', '10.00', 'Ne4404W7r0aO7a', 1, 1, 0, '730724'),
(77, 26, 'Андрей', 'Краматорск', 'Andrey', '', '', '', '', '0.00', '', 1, 0, 0, 'Andrey'),
(78, 31, 'sdafsdfa', 'Test Client 2', '153124', '1432423', 'valentin230iv@gmail.com', 'asdsa', 'dasdas', '100.00', '4Naa7T6WZ48e55', 1, 1, 0, '153124'),
(79, 26, 'Ошеренко', 'Сергей (Игоря)', 'Agentklassik2', '', '', '', '', '0.00', '', 0, 0, 0, 'Agentklassik2'),
(80, 26, '', 'Адвокат Саша', '', '', '', '', '', '0.00', '', 0, 0, 0, ''),
(81, 26, 'Денис', 'Ирина', 'Agent1212', '', '', '', '', '0.00', '', 0, 0, 0, 'Agent1212'),
(82, 26, 'Новосельского', 'Анна', 'Anna_odessa', '', '', '', '', '0.00', '', 0, 0, 0, 'Anna_odessa'),
(83, 26, 'Киев', 'Богдан', 'Extrimmain', '', '', '', '', '0.00', '', 0, 0, 0, 'Extrimmain'),
(84, 26, 'Игорь', 'Каменец', 'Agentdim_karambol', '', '', '', '', '0.00', '', 0, 0, 0, 'Agentdim_karambol'),
(85, 26, 'Виталий', 'Белая церковь', '', '', '', '', '', '0.00', '', 0, 0, 0, ''),
(86, 26, 'Лена', 'Рыжуля', '', '', '', '', '', '0.00', '', 0, 0, 0, ''),
(87, 26, '', 'Сурен', '', '', '', '', '', '0.00', '', 0, 0, 0, ''),
(88, 26, 'Вика', 'Денис', '', '', '', '', '', '0.00', '', 0, 0, 0, ''),
(89, 26, 'Одесса', 'Сергей Саша', '', '', '', '', '', '0.00', '', 0, 0, 0, ''),
(90, 26, '', 'Ваня', '', '', '', '', '', '0.00', '', 0, 0, 0, ''),
(91, 26, 'Авив', 'Каменец', '', '', '', '', '', '0.00', '', 0, 0, 0, ''),
(92, 26, 'Саша', 'Одесса', '', '', '', '', '', '0.00', '', 0, 0, 0, ''),
(93, 26, 'Люба', 'Левитана', '', '', '', '', '', '0.00', '', 0, 0, 0, ''),
(94, 26, 'Сергей', 'Днепр', '', '', '', '', '', '0.00', '', 0, 0, 0, ''),
(95, 31, 'sdifisdfisdfas', 'asdfsdfasdfa', '3228', '2134123423', 'r2rr@ksdc.cim', '', 'fdsfefewaf', '100000.00', '1488', 1, 1, 0, '3228');

-- --------------------------------------------------------

--
-- Структура таблицы `debt_history`
--

CREATE TABLE `debt_history` (
  `debt_history_id` int(11) NOT NULL,
  `user_id` int(11) NOT NULL,
  `client_id` int(11) NOT NULL,
  `debt_sum` decimal(20,2) NOT NULL,
  `date` datetime NOT NULL,
  `fiat_id` int(11) NOT NULL DEFAULT '1'
) ENGINE=InnoDB DEFAULT CHARSET=utf8;

--
-- Дамп данных таблицы `debt_history`
--

INSERT INTO `debt_history` (`debt_history_id`, `user_id`, `client_id`, `debt_sum`, `date`, `fiat_id`) VALUES
(1, 26, 77, '3500.00', '2019-08-02 14:35:53', 1),
(2, 26, 77, '3500.00', '2019-08-02 14:36:01', 1),
(3, 26, 77, '3500.00', '2019-08-02 14:36:23', 1),
(4, 31, 76, '100.00', '2019-08-02 15:23:45', 2),
(5, 31, 76, '100.00', '2019-08-02 15:25:46', 2),
(6, 32, 76, '100.00', '2019-08-02 19:50:58', 1),
(7, 26, 55, '12000.00', '2019-08-04 18:26:36', 1),
(8, 26, 55, '4206.00', '2019-08-04 18:53:56', 1),
(9, 26, 66, '38500.00', '2019-08-04 18:54:13', 1),
(10, 26, 75, '1.00', '2019-08-04 18:54:26', 1),
(11, 26, 68, '26000.00', '2019-08-05 12:04:36', 1),
(12, 26, 56, '3500.00', '2019-08-08 14:54:52', 1),
(13, 26, 60, '6000.00', '2019-08-08 14:55:01', 1),
(14, 26, 55, '3000.00', '2019-08-08 14:59:41', 1),
(15, 26, 59, '4250.00', '2019-08-08 22:47:26', 1),
(16, 26, 81, '3000.00', '2019-08-11 17:18:51', 1),
(17, 26, 82, '12500.00', '2019-08-11 17:19:08', 1),
(18, 26, 56, '11900.00', '2019-08-11 17:19:41', 1),
(19, 26, 62, '56000.00', '2019-08-12 14:03:59', 1),
(20, 26, 82, '9400.00', '2019-08-12 14:04:11', 1),
(21, 26, 79, '3000.00', '2019-08-12 14:04:21', 1),
(22, 26, 73, '3500.00', '2019-08-13 13:07:31', 1),
(23, 26, 81, '3000.00', '2019-08-13 13:07:39', 1),
(24, 26, 55, '15000.00', '2019-08-13 13:07:59', 1),
(25, 26, 60, '30000.00', '2019-08-13 22:11:28', 1),
(26, 26, 57, '6.00', '2019-08-13 22:11:41', 1),
(27, 26, 64, '12000.00', '2019-08-13 22:11:53', 1),
(28, 26, 69, '6500.00', '2019-08-13 22:13:59', 1),
(29, 26, 82, '9600.00', '2019-08-14 11:08:29', 1),
(30, 26, 83, '7000.00', '2019-08-14 15:05:06', 1),
(31, 26, 55, '3000.00', '2019-08-14 19:52:46', 1),
(32, 26, 70, '3500.00', '2019-08-14 19:52:58', 1),
(33, 26, 57, '6000.00', '2019-08-14 22:15:46', 1),
(34, 26, 61, '6000.00', '2019-08-15 08:27:49', 1),
(35, 26, 55, '3600.00', '2019-08-15 08:28:04', 1),
(36, 26, 63, '6000.00', '2019-08-16 16:12:38', 1),
(37, 26, 73, '3500.00', '2019-08-16 16:12:58', 1),
(38, 26, 74, '3500.00', '2019-08-16 16:13:05', 1),
(39, 26, 66, '3500.00', '2019-08-16 16:13:12', 1),
(40, 26, 82, '3000.00', '2019-08-16 16:13:20', 1),
(41, 26, 71, '4000.00', '2019-08-16 16:13:30', 1),
(42, 28, 60, '30000.00', '2019-08-16 18:50:00', 1),
(43, 26, 55, '5000.00', '2019-08-16 22:20:00', 1),
(44, 26, 67, '6000.00', '2019-08-17 15:46:05', 1),
(45, 26, 79, '3000.00', '2019-08-17 15:46:34', 1),
(46, 26, 66, '3500.00', '2019-08-17 15:46:42', 1),
(47, 26, 63, '3000.00', '2019-08-17 15:46:51', 1),
(48, 26, 55, '1000.00', '2019-08-17 15:47:06', 1),
(49, 26, 60, '60000.00', '2019-08-19 11:04:14', 1),
(50, 26, 84, '6000.00', '2019-08-19 11:04:23', 1),
(51, 26, 61, '6000.00', '2019-08-19 11:04:31', 1),
(52, 26, 63, '1400.00', '2019-08-19 11:04:39', 1),
(53, 26, 55, '6000.00', '2019-08-19 11:04:50', 1),
(54, 26, 71, '18000.00', '2019-08-19 11:04:58', 1),
(55, 26, 84, '6000.00', '2019-08-20 23:44:16', 1),
(56, 26, 74, '7000.00', '2019-08-20 23:44:26', 1),
(57, 26, 62, '14000.00', '2019-08-20 23:44:41', 1),
(58, 26, 73, '3500.00', '2019-08-20 23:44:49', 1),
(59, 26, 66, '3500.00', '2019-08-20 23:44:59', 1),
(60, 26, 60, '30000.00', '2019-08-21 22:42:11', 1),
(61, 26, 68, '26000.00', '2019-08-21 22:42:20', 1),
(62, 26, 56, '3500.00', '2019-08-21 22:42:31', 1),
(63, 26, 63, '3000.00', '2019-08-21 22:42:39', 1),
(64, 26, 70, '3500.00', '2019-08-21 22:42:48', 1),
(65, 26, 63, '6000.00', '2019-08-22 12:23:13', 1),
(66, 26, 67, '6000.00', '2019-08-22 12:23:24', 1),
(67, 26, 82, '19700.00', '2019-08-24 09:10:52', 1),
(68, 26, 57, '12000.00', '2019-08-24 09:10:59', 1),
(69, 26, 79, '3000.00', '2019-08-24 09:11:07', 1),
(70, 26, 60, '30000.00', '2019-08-24 09:11:18', 1),
(71, 26, 55, '21000.00', '2019-08-24 09:12:34', 1),
(72, 26, 74, '3500.00', '2019-08-25 15:33:06', 1),
(73, 26, 87, '1200.00', '2019-08-25 15:33:17', 1),
(74, 26, 60, '60000.00', '2019-08-27 21:53:39', 1),
(75, 26, 57, '12000.00', '2019-08-27 21:53:47', 1),
(76, 26, 67, '6000.00', '2019-08-27 21:53:58', 1),
(77, 26, 73, '3500.00', '2019-08-27 21:54:07', 1),
(78, 26, 56, '3500.00', '2019-08-27 21:54:18', 1),
(79, 26, 66, '3500.00', '2019-08-30 09:19:21', 1),
(80, 26, 74, '3500.00', '2019-08-30 09:19:29', 1),
(81, 26, 79, '3000.00', '2019-08-30 09:19:39', 1),
(82, 26, 55, '6000.00', '2019-08-30 09:19:57', 1),
(83, 26, 64, '13000.00', '2019-08-30 09:20:07', 1),
(84, 26, 76, '100.00', '2019-08-30 09:20:27', 1),
(85, 26, 76, '800.00', '2019-08-30 09:20:35', 2),
(86, 26, 60, '90000.00', '2019-09-01 16:52:48', 1),
(87, 26, 61, '6000.00', '2019-09-01 16:52:58', 1),
(88, 26, 83, '7000.00', '2019-09-01 16:53:07', 1),
(89, 26, 55, '5000.00', '2019-09-01 16:53:27', 1),
(90, 26, 74, '3500.00', '2019-09-01 16:53:35', 1),
(91, 26, 81, '3000.00', '2019-09-01 16:53:43', 1),
(92, 26, 67, '6000.00', '2019-09-01 16:53:53', 1),
(93, 26, 62, '3000.00', '2019-09-01 16:54:02', 1),
(94, 26, 55, '3000.00', '2019-09-01 18:27:54', 1),
(95, 26, 55, '3000.00', '2019-09-02 16:23:12', 1),
(96, 26, 82, '4000.00', '2019-09-02 16:23:20', 1),
(97, 26, 78, '13000.00', '2019-09-02 16:23:30', 1),
(98, 26, 55, '4000.00', '2019-09-02 22:07:58', 1),
(99, 26, 61, '6000.00', '2019-09-04 20:25:08', 1),
(100, 26, 67, '6000.00', '2019-09-04 20:25:17', 1),
(101, 26, 66, '3500.00', '2019-09-04 20:25:25', 1),
(102, 26, 56, '3500.00', '2019-09-04 20:25:32', 1),
(103, 26, 82, '3000.00', '2019-09-04 20:25:49', 1),
(104, 26, 73, '3500.00', '2019-09-05 19:46:51', 1),
(105, 26, 68, '8000.00', '2019-09-05 19:47:01', 1),
(106, 26, 70, '3500.00', '2019-09-05 19:47:09', 1),
(107, 26, 60, '30000.00', '2019-09-05 19:47:27', 1),
(108, 26, 66, '3500.00', '2019-09-06 21:16:01', 1),
(109, 26, 55, '9000.00', '2019-09-06 21:16:18', 1),
(110, 26, 84, '6500.00', '2019-09-06 21:16:31', 1),
(111, 26, 56, '3500.00', '2019-09-06 21:16:44', 1),
(112, 26, 60, '60000.00', '2019-09-07 15:50:33', 1),
(113, 26, 82, '3500.00', '2019-09-07 15:50:43', 1),
(114, 26, 56, '3000.00', '2019-09-07 15:50:54', 1),
(115, 26, 63, '3000.00', '2019-09-07 15:52:33', 1),
(116, 26, 69, '6500.00', '2019-09-08 11:54:22', 1),
(117, 26, 66, '3500.00', '2019-09-08 11:54:30', 1),
(118, 26, 62, '3500.00', '2019-09-08 11:54:39', 1),
(119, 26, 63, '3000.00', '2019-09-08 11:54:48', 1),
(120, 26, 56, '10500.00', '2019-09-08 20:57:52', 1),
(121, 26, 90, '15000.00', '2019-09-08 20:58:06', 1),
(122, 26, 67, '6000.00', '2019-09-09 13:35:12', 1),
(123, 26, 55, '12600.00', '2019-09-09 13:35:31', 1),
(124, 26, 62, '7000.00', '2019-09-09 14:35:06', 1),
(125, 26, 55, '3000.00', '2019-09-09 15:13:06', 1),
(126, 26, 64, '13000.00', '2019-09-09 21:24:28', 1),
(127, 26, 66, '3500.00', '2019-09-09 21:24:36', 1),
(128, 26, 56, '3500.00', '2019-09-10 12:33:57', 1),
(129, 26, 55, '6000.00', '2019-09-10 12:34:10', 1),
(130, 26, 88, '3000.00', '2019-09-10 15:08:28', 1),
(131, 26, 61, '6000.00', '2019-09-10 19:40:40', 1),
(132, 26, 66, '3500.00', '2019-09-11 12:02:37', 1),
(133, 26, 74, '3500.00', '2019-09-11 12:02:46', 1),
(134, 26, 60, '30000.00', '2019-09-11 12:02:55', 1),
(135, 26, 55, '3000.00', '2019-09-11 12:03:10', 1),
(136, 26, 55, '3000.00', '2019-09-11 18:22:10', 1),
(137, 26, 62, '3500.00', '2019-09-11 22:42:31', 1),
(138, 26, 56, '7000.00', '2019-09-12 13:22:17', 1),
(139, 26, 55, '2000.00', '2019-09-12 13:22:30', 1),
(140, 26, 55, '4000.00', '2019-09-12 18:58:05', 1),
(141, 26, 63, '3000.00', '2019-09-13 08:52:46', 1),
(142, 26, 62, '21000.00', '2019-09-13 16:25:43', 1),
(143, 26, 66, '3500.00', '2019-09-14 10:02:33', 1),
(144, 26, 82, '3000.00', '2019-09-14 10:02:41', 1),
(145, 26, 60, '30000.00', '2019-09-14 17:39:48', 1),
(146, 26, 55, '3000.00', '2019-09-14 19:48:40', 1),
(147, 26, 55, '3000.00', '2019-09-14 19:53:48', 1),
(148, 26, 56, '6500.00', '2019-09-14 21:58:26', 1),
(149, 26, 60, '60000.00', '2019-09-15 10:29:53', 1),
(150, 26, 71, '4000.00', '2019-09-15 10:34:55', 1),
(151, 26, 84, '6500.00', '2019-09-15 19:27:21', 1),
(152, 26, 55, '9000.00', '2019-09-15 19:27:34', 1),
(153, 26, 82, '6250.00', '2019-09-15 19:27:48', 1),
(154, 26, 61, '6000.00', '2019-09-16 11:19:16', 1),
(155, 26, 56, '3500.00', '2019-09-16 11:19:24', 1),
(156, 26, 74, '3500.00', '2019-09-16 11:19:33', 1),
(157, 26, 66, '3500.00', '2019-09-16 11:19:44', 1),
(158, 26, 56, '7000.00', '2019-09-16 20:55:20', 1),
(159, 26, 55, '3000.00', '2019-09-16 20:55:30', 1),
(160, 26, 82, '3250.00', '2019-09-16 20:55:39', 1),
(161, 26, 88, '3000.00', '2019-09-16 20:55:47', 1),
(162, 26, 92, '3500.00', '2019-09-17 17:54:04', 1),
(163, 26, 71, '18000.00', '2019-09-17 19:51:55', 1),
(164, 26, 66, '3500.00', '2019-09-18 16:46:56', 1),
(165, 26, 63, '3000.00', '2019-09-18 16:47:13', 1),
(166, 26, 55, '3000.00', '2019-09-18 20:44:57', 1),
(167, 26, 83, '7000.00', '2019-09-18 20:45:04', 1),
(168, 26, 67, '6000.00', '2019-09-18 23:24:28', 1),
(169, 26, 60, '30000.00', '2019-09-18 23:24:38', 1),
(170, 26, 82, '3000.00', '2019-09-19 19:11:05', 1),
(171, 26, 55, '6000.00', '2019-09-19 19:11:19', 1),
(172, 26, 55, '3000.00', '2019-09-19 19:39:21', 1),
(173, 26, 61, '6000.00', '2019-09-19 21:54:40', 1),
(174, 26, 55, '3000.00', '2019-09-20 16:35:12', 1),
(175, 26, 55, '6000.00', '2019-09-20 19:19:38', 1),
(176, 26, 56, '2000.00', '2019-09-20 20:48:04', 1),
(177, 26, 81, '3000.00', '2019-09-20 20:56:29', 1),
(178, 26, 82, '3500.00', '2019-09-20 21:44:09', 1),
(179, 26, 55, '6000.00', '2019-09-21 14:37:07', 1),
(180, 26, 60, '30006.00', '2019-09-22 13:11:51', 1),
(181, 26, 74, '3500.00', '2019-09-22 13:12:00', 1),
(182, 26, 82, '3000.00', '2019-09-22 13:12:13', 1),
(183, 26, 55, '6000.00', '2019-09-22 13:13:35', 1),
(184, 26, 88, '3000.00', '2019-09-22 21:30:45', 1),
(185, 26, 81, '3000.00', '2019-09-22 21:30:54', 1),
(186, 26, 74, '3500.00', '2019-09-23 16:24:35', 1),
(187, 26, 88, '3000.00', '2019-09-23 16:24:44', 1),
(188, 26, 68, '26000.00', '2019-09-23 16:24:54', 1),
(189, 26, 57, '3500.00', '2019-09-23 19:46:04', 1);

-- --------------------------------------------------------

--
-- Структура таблицы `fiats`
--

CREATE TABLE `fiats` (
  `fiat_id` int(11) NOT NULL,
  `code` int(11) NOT NULL,
  `name` varchar(5) NOT NULL,
  `full_name` varchar(30) NOT NULL
) ENGINE=InnoDB DEFAULT CHARSET=utf8;

--
-- Дамп данных таблицы `fiats`
--

INSERT INTO `fiats` (`fiat_id`, `code`, `name`, `full_name`) VALUES
(1, 983, 'Ггр', 'UAH'),
(2, 870, 'Руб', 'RUR'),
(3, 311232421, 'IGR', 'IGRVAL');

-- --------------------------------------------------------

--
-- Структура таблицы `income_history`
--

CREATE TABLE `income_history` (
  `income_id` int(11) NOT NULL,
  `sum` decimal(15,2) NOT NULL,
  `fiat` int(11) NOT NULL,
  `owner_id` int(11) NOT NULL,
  `date` timestamp NOT NULL DEFAULT CURRENT_TIMESTAMP,
  `user_id` int(11) NOT NULL
) ENGINE=InnoDB DEFAULT CHARSET=utf8;

--
-- Дамп данных таблицы `income_history`
--

INSERT INTO `income_history` (`income_id`, `sum`, `fiat`, `owner_id`, `date`, `user_id`) VALUES
(1, '100.00', 3, 3, '2019-09-29 11:44:46', 3),
(2, '720.00', 3, 29, '2019-09-30 11:06:22', 31);

-- --------------------------------------------------------

--
-- Структура таблицы `last_changes`
--

CREATE TABLE `last_changes` (
  `last_change_id` int(11) NOT NULL,
  `last_change_date` datetime NOT NULL DEFAULT CURRENT_TIMESTAMP,
  `last_change_user_id` int(11) NOT NULL,
  `branch_id` int(11) DEFAULT NULL,
  `client_id` int(11) DEFAULT NULL,
  `fiat_id` int(11) DEFAULT NULL,
  `order_id` int(11) DEFAULT NULL,
  `method_id` int(11) DEFAULT NULL,
  `outgo_type_id` varchar(200) DEFAULT NULL,
  `payment_id` int(11) DEFAULT NULL,
  `project_id` int(11) DEFAULT NULL,
  `user_id` int(11) DEFAULT NULL,
  `vg_data_id` int(11) DEFAULT NULL,
  `vg_id` int(11) DEFAULT NULL,
  `vg_purchase_id` int(11) DEFAULT NULL
) ENGINE=InnoDB DEFAULT CHARSET=utf8;

--
-- Дамп данных таблицы `last_changes`
--

INSERT INTO `last_changes` (`last_change_id`, `last_change_date`, `last_change_user_id`, `branch_id`, `client_id`, `fiat_id`, `order_id`, `method_id`, `outgo_type_id`, `payment_id`, `project_id`, `user_id`, `vg_data_id`, `vg_id`, `vg_purchase_id`) VALUES
(1, '2019-10-05 18:57:17', 3, NULL, 55, NULL, NULL, NULL, NULL, NULL, NULL, NULL, NULL, NULL, NULL),
(2, '2019-10-05 18:57:37', 3, NULL, 55, NULL, NULL, NULL, NULL, NULL, NULL, NULL, NULL, NULL, NULL),
(3, '2019-10-05 18:57:46', 3, NULL, 55, NULL, NULL, NULL, NULL, NULL, NULL, NULL, NULL, NULL, NULL);

-- --------------------------------------------------------

--
-- Структура таблицы `methods_of_obtaining`
--

CREATE TABLE `methods_of_obtaining` (
  `method_id` int(11) NOT NULL,
  `method_name` varchar(40) NOT NULL,
  `participates_in_balance` smallint(6) NOT NULL DEFAULT '1',
  `is_active` smallint(6) NOT NULL DEFAULT '1',
  `branch_id` int(11) NOT NULL
) ENGINE=InnoDB DEFAULT CHARSET=utf8;

--
-- Дамп данных таблицы `methods_of_obtaining`
--

INSERT INTO `methods_of_obtaining` (`method_id`, `method_name`, `participates_in_balance`, `is_active`, `branch_id`) VALUES
(1, '234', 0, 0, 5),
(2, '123', 0, 0, 3),
(3, 'Карта Ди', 1, 1, 9),
(4, 'ЯД', 0, 1, 9),
(5, 'Карта Саши', 0, 1, 9),
(6, 'Карта Игоря', 0, 1, 9),
(7, 'Карта Малой', 0, 1, 9),
(8, 'Test', 1, 1, 10);

-- --------------------------------------------------------

--
-- Структура таблицы `methods_processing_reports`
--

CREATE TABLE `methods_processing_reports` (
  `methods_processing_report_id` int(11) NOT NULL,
  `methods_processing_report_date` datetime NOT NULL DEFAULT CURRENT_TIMESTAMP,
  `method_id` int(11) NOT NULL,
  `fiat_id` int(11) NOT NULL,
  `methods_processing_report_fiat_income` decimal(15,2) NOT NULL,
  `methods_processing_report_fiat_outgo` decimal(15,2) NOT NULL,
  `methods_processing_report_fiat_diff` decimal(15,2) NOT NULL,
  `methods_processing_report_debtors_debt` decimal(15,2) NOT NULL COMMENT 'Клиенты(предприятию',
  `methods_processing_report_rollback_debt` decimal(15,2) NOT NULL COMMENT 'Клиентам',
  `methods_processing_report_owners_profit_debt` decimal(15,2) NOT NULL COMMENT 'Владельцам'
) ENGINE=InnoDB DEFAULT CHARSET=utf8;

-- --------------------------------------------------------

--
-- Структура таблицы `orders`
--

CREATE TABLE `orders` (
  `order_id` int(11) NOT NULL,
  `vg_data_id` int(11) NOT NULL,
  `client_id` int(11) NOT NULL,
  `sum_vg` decimal(10,0) NOT NULL,
  `real_out_percent` float(15,2) NOT NULL,
  `sum_currency` decimal(15,2) NOT NULL,
  `method_id` int(11) DEFAULT '1',
  `rollback_sum` decimal(15,2) NOT NULL,
  `rollback_1` float(15,2) NOT NULL,
  `date` datetime NOT NULL,
  `callmaster` int(11) DEFAULT NULL,
  `order_debt` int(11) NOT NULL DEFAULT '0',
  `description` varchar(500) DEFAULT NULL,
  `fiat_id` int(11) NOT NULL DEFAULT '1',
  `loginByVg` varchar(100) DEFAULT NULL
) ENGINE=InnoDB DEFAULT CHARSET=cp1251;

--
-- Дамп данных таблицы `orders`
--

INSERT INTO `orders` (`order_id`, `vg_data_id`, `client_id`, `sum_vg`, `real_out_percent`, `sum_currency`, `method_id`, `rollback_sum`, `rollback_1`, `date`, `callmaster`, `order_debt`, `description`, `fiat_id`, `loginByVg`) VALUES
(21, 1, 76, '100', 10.00, '10.00', 8, '0.00', 0.00, '2019-08-01 15:39:31', NULL, 0, '', 1, 'Iejxiewo'),
(22, 1, 55, '50000', 6.00, '3000.00', 3, '0.00', 0.00, '2019-08-02 11:32:48', 55, 3000, '', 1, 'Agentalexwest'),
(23, 1, 55, '50000', 6.00, '3000.00', 3, '0.00', 0.00, '2019-08-02 11:32:56', 55, 3000, '', 1, 'Agentalexwest'),
(24, 1, 77, '50000', 7.00, '3500.00', 3, '0.00', 0.00, '2019-08-02 14:35:16', NULL, 3500, '', 1, 'Andrey'),
(25, 1, 76, '11232131', 10.00, '1123213.10', 8, '0.00', 0.00, '2019-08-02 15:23:20', 76, 1000, 'sdas', 2, 'wedsa'),
(41, 1, 75, '1231231', 7.00, '86186.17', 3, '0.00', 0.00, '2019-08-02 19:44:37', NULL, 1, 'dasdada', 1, '12412rqwefa'),
(42, 1, 67, '100000', 6.00, '6000.00', 3, '0.00', 0.00, '2019-08-03 00:12:02', NULL, 0, '', 1, 'Agentserg555'),
(43, 1, 66, '50000', 7.00, '3500.00', 3, '0.00', 0.00, '2019-08-03 17:02:08', 66, 3500, '', 1, 'Зал 132'),
(44, 1, 66, '50000', 7.00, '3500.00', 3, '0.00', 0.00, '2019-08-03 17:02:17', 66, 3500, '', 1, 'Зал 132'),
(45, 1, 66, '50000', 7.00, '3500.00', 3, '0.00', 0.00, '2019-08-03 17:02:25', 66, 3500, '', 1, 'Зал 132'),
(46, 1, 66, '50000', 7.00, '3500.00', 3, '0.00', 0.00, '2019-08-03 17:02:50', 66, 3500, '', 1, 'Зал 132'),
(47, 1, 66, '50000', 7.00, '3500.00', 3, '0.00', 0.00, '2019-08-03 17:09:01', 66, 3500, '', 1, 'Зал132'),
(48, 1, 66, '50000', 7.00, '3500.00', 3, '0.00', 0.00, '2019-08-03 17:09:08', 66, 3500, '', 1, 'Зал132'),
(49, 1, 66, '50000', 7.00, '3500.00', 3, '0.00', 0.00, '2019-08-03 17:10:49', 66, 3500, '', 1, '132'),
(50, 1, 66, '50000', 7.00, '3500.00', 3, '0.00', 0.00, '2019-08-03 17:11:06', 66, 3500, '', 1, '132'),
(51, 1, 66, '50000', 7.00, '3500.00', 3, '0.00', 0.00, '2019-08-03 17:22:00', NULL, 3500, '', 1, '132'),
(52, 1, 66, '50000', 7.00, '3500.00', 3, '0.00', 0.00, '2019-08-03 17:22:08', NULL, 3500, '', 1, '132'),
(53, 1, 66, '50000', 7.00, '3500.00', 3, '0.00', 0.00, '2019-08-03 17:22:22', NULL, 3500, '', 1, '132z'),
(54, 1, 55, '50000', 6.00, '3000.00', 3, '0.00', 0.00, '2019-08-04 18:19:14', NULL, 3000, '', 1, 'Alexwest'),
(55, 1, 55, '50000', 6.00, '3000.00', 3, '0.00', 0.00, '2019-08-04 18:23:56', 55, 3000, '', 1, 'Agentalexwest'),
(56, 1, 55, '50000', 6.00, '3000.00', 3, '0.00', 0.00, '2019-08-04 18:40:27', NULL, 3000, '', 1, 'Agentalexwest'),
(57, 1, 55, '10000', 6.00, '600.00', 3, '0.00', 0.00, '2019-08-04 18:44:06', 55, 600, '', 1, 'Agentalexwest'),
(58, 1, 55, '100', 6.00, '6.00', 3, '0.00', 0.00, '2019-08-04 18:46:17', NULL, 6, '', 1, 'Agentalexwest'),
(59, 1, 55, '10000', 6.00, '600.00', 3, '0.00', 0.00, '2019-08-04 18:47:33', NULL, 600, '', 1, 'Agentalexwest'),
(60, 1, 73, '50000', 7.00, '3500.00', 3, '0.00', 0.00, '2019-08-04 18:51:43', NULL, 0, '', 1, '305'),
(61, 1, 57, '50000', 8.00, '4000.00', 3, '0.00', 0.00, '2019-08-05 11:35:38', NULL, 0, '', 1, 'Roma777'),
(62, 1, 57, '50000', 7.00, '3500.00', 3, '0.00', 0.00, '2019-08-05 11:36:18', NULL, 0, '', 1, '1048'),
(63, 1, 68, '400000', 6.50, '26000.00', 3, '65.00', 0.25, '2019-08-05 12:04:11', 68, 26000, '', 1, 'Vadimrovno'),
(64, 1, 55, '50000', 6.00, '3000.00', 3, '0.00', 0.00, '2019-08-05 13:21:10', NULL, 3000, '', 1, 'Agentalexwest'),
(66, 19, 76, '31231', 13.00, '4060.03', 8, '0.00', 0.00, '2019-08-08 13:08:59', NULL, 100, '', 1, 'sdf4e6ij5rj5yj'),
(67, 18, 76, '1111', 10.00, '111.10', 8, '11.11', 1.00, '2019-08-08 13:27:25', 76, 0, 'sdadas', 2, 'dsafdh543whnt'),
(68, 18, 76, '1111', 10.00, '111.10', 8, '0.00', 0.00, '2019-08-08 13:31:03', NULL, 0, 'dsafsd', 2, 'sdafgg54y3jhe'),
(69, 7, 56, '50000', 7.00, '3500.00', 3, '250.00', 0.50, '2019-08-08 14:22:42', 56, 3500, 'Адвокат', 1, 'gaidara42_2'),
(70, 8, 79, '50000', 6.00, '3000.00', 3, '0.00', 0.00, '2019-08-08 14:28:05', NULL, 0, '', 1, 'Agentklassik2'),
(71, 6, 60, '100000', 6.00, '6000.00', 6, '500.00', 0.50, '2019-08-08 14:43:59', 60, 6000, '', 1, 'Inredmain'),
(72, 14, 66, '50000', 7.00, '3500.00', 3, '0.00', 0.00, '2019-08-08 14:48:22', NULL, 0, '', 1, '132'),
(73, 7, 67, '100000', 6.00, '6000.00', 3, '0.00', 0.00, '2019-08-08 18:43:59', NULL, 0, '', 1, 'Agentserj555'),
(74, 12, 59, '50000', 8.50, '4250.00', 6, '0.00', 0.00, '2019-08-08 22:46:07', NULL, 4250, '', 1, 'Makedonskiy'),
(75, 7, 56, '50000', 7.00, '3500.00', 3, '250.00', 0.50, '2019-08-09 10:42:15', 80, 3500, '', 1, 'gaidara42_2'),
(76, 7, 56, '50000', 7.00, '3500.00', 3, '250.00', 0.50, '2019-08-09 11:02:22', 80, 3500, '', 1, 'Гайдара 42_3'),
(77, 7, 56, '0', 6.00, '0.00', 3, '0.00', 0.50, '2019-08-09 11:04:17', 80, 0, '', 1, 'gaidara42_3'),
(78, 7, 81, '50000', 6.00, '3000.00', 3, '0.00', 0.00, '2019-08-09 21:46:37', NULL, 3000, '', 1, 'Agent1212'),
(79, 7, 82, '100000', 6.00, '6000.00', 3, '0.00', 0.00, '2019-08-09 22:57:06', NULL, 6000, '', 1, 'Snna_odessa'),
(80, 12, 82, '100000', 8.00, '8000.00', 3, '0.00', 0.00, '2019-08-10 09:03:39', NULL, 0, '', 1, 'Anna_odessa'),
(81, 14, 82, '100000', 6.50, '6500.00', 3, '0.00', 0.00, '2019-08-10 09:04:25', NULL, 6500, '', 1, '1087'),
(82, 7, 55, '50000', 6.00, '3000.00', 3, '0.00', 0.00, '2019-08-10 10:55:57', NULL, 3000, '', 1, 'Agentalexwest'),
(83, 14, 73, '50000', 7.00, '3500.00', 3, '0.00', 0.00, '2019-08-10 11:01:16', NULL, 0, '', 1, '305'),
(84, 7, 56, '20000', 7.00, '1400.00', 3, '100.00', 0.50, '2019-08-10 19:28:25', 80, 1400, '', 1, '7km_k'),
(85, 7, 55, '50000', 6.00, '3000.00', 3, '0.00', 0.00, '2019-08-11 10:49:00', NULL, 3000, '', 1, 'Agentalexwest'),
(86, 9, 71, '300000', 6.00, '18000.00', 3, '0.00', 0.00, '2019-08-11 17:00:50', NULL, 0, '', 1, 'Alexcity'),
(87, 8, 79, '50000', 6.00, '3000.00', 3, '0.00', 0.00, '2019-08-11 17:01:33', NULL, 3000, '', 1, 'Agentklassik2'),
(88, 7, 62, '100000', 7.00, '7000.00', 3, '0.00', 0.00, '2019-08-11 17:18:31', NULL, 7000, '', 1, 'Dolina'),
(89, 7, 62, '100000', 7.00, '7000.00', 3, '0.00', 0.00, '2019-08-11 17:24:22', NULL, 7000, '', 1, 'BolDolina'),
(90, 7, 62, '100000', 7.00, '7000.00', 3, '0.00', 0.00, '2019-08-11 17:33:16', NULL, 7000, '', 1, 'Dolina'),
(91, 7, 62, '100000', 7.00, '7000.00', 3, '0.00', 0.00, '2019-08-11 17:49:19', NULL, 7000, '', 1, 'BolDolina'),
(92, 7, 62, '100000', 7.00, '7000.00', 3, '0.00', 0.00, '2019-08-11 18:04:35', NULL, 7000, '', 1, 'BolDolina'),
(93, 8, 57, '400000', 6.00, '24000.00', 3, '0.00', 0.00, '2019-08-11 18:34:58', NULL, 0, '', 1, 'Sima'),
(94, 7, 55, '50000', 6.00, '3000.00', 3, '0.00', 0.00, '2019-08-11 18:42:55', NULL, 3000, '', 1, 'Agentalexwest'),
(95, 6, 60, '500000', 6.00, '30000.00', 6, '2500.00', 0.50, '2019-08-11 21:50:40', 60, 30000, '', 1, 'Inredmain'),
(96, 7, 62, '300000', 7.00, '21000.00', 3, '0.00', 0.00, '2019-08-11 22:49:03', NULL, 21000, '', 1, 'BolDolina'),
(97, 7, 75, '50000', 7.00, '3500.00', 3, '0.00', 0.00, '2019-08-12 09:30:05', NULL, 0, '', 1, 'Mir777'),
(98, 7, 55, '50000', 6.00, '3000.00', 3, '0.00', 0.00, '2019-08-12 10:12:16', NULL, 3000, '', 1, 'Agentalexwest'),
(99, 8, 79, '50000', 6.00, '3000.00', 3, '0.00', 0.00, '2019-08-12 10:20:07', NULL, 0, '', 1, 'Agentklassik2'),
(100, 7, 82, '70000', 6.00, '4200.00', 3, '0.00', 0.00, '2019-08-12 11:11:07', NULL, 4200, '', 1, 'Anna,_odessa'),
(101, 14, 82, '80000', 6.50, '5200.00', 3, '0.00', 0.00, '2019-08-12 11:13:54', NULL, 5200, '', 1, '1087'),
(102, 7, 55, '60000', 6.00, '3600.00', 3, '0.00', 0.00, '2019-08-12 12:56:13', NULL, 3600, '', 1, 'Agentalexwest'),
(103, 8, 65, '200000', 6.00, '12000.00', 6, '400.00', 0.20, '2019-08-12 13:14:51', 65, 0, '', 1, 'Bcplay'),
(104, 11, 65, '100000', 5.00, '5000.00', 6, '100.00', 0.10, '2019-08-12 13:35:48', 65, 0, '', 1, 'Brabus'),
(105, 8, 57, '100000', 6.00, '6000.00', 3, '0.00', 0.00, '2019-08-12 14:44:33', NULL, 0, '', 1, 'Sima777'),
(106, 7, 55, '50000', 6.00, '3000.00', 3, '0.00', 0.00, '2019-08-12 16:33:59', NULL, 3000, '', 1, 'Agentalexwest'),
(107, 7, 81, '50000', 6.00, '3000.00', 3, '0.00', 0.00, '2019-08-12 21:39:30', NULL, 3000, '', 1, 'Agent1212'),
(108, 7, 57, '200000', 6.00, '12000.00', 3, '0.00', 0.00, '2019-08-13 08:38:28', NULL, 0, '', 1, 'Agent1212'),
(109, 7, 82, '80000', 6.00, '4800.00', 3, '0.00', 0.00, '2019-08-13 09:21:57', NULL, 4800, '', 1, 'Anna,_odessa'),
(110, 7, 82, '80000', 6.00, '4800.00', 3, '0.00', 0.00, '2019-08-13 09:23:07', NULL, 4800, '', 1, 'Anna_odessa'),
(111, 7, 57, '100', 6.00, '6.00', 3, '0.00', 0.00, '2019-08-13 09:59:55', NULL, 6, '', 1, 'Agent1203'),
(112, 7, 69, '100000', 6.50, '6500.00', 3, '0.00', 0.00, '2019-08-13 10:42:57', NULL, 6500, '', 1, 'Agentsashasever'),
(113, 7, 64, '200000', 6.50, '13000.00', 3, '0.00', 0.00, '2019-08-13 12:14:10', NULL, 13000, '', 1, 'Agent_a'),
(114, 14, 73, '50000', 7.00, '3500.00', 3, '0.00', 0.00, '2019-08-13 13:05:20', NULL, 3500, '', 1, '305'),
(115, 6, 60, '500000', 6.00, '30000.00', 6, '2500.00', 0.50, '2019-08-13 20:21:20', 60, 0, '', 1, 'Inredmain'),
(116, 8, 70, '50000', 7.00, '3500.00', 3, '0.00', 0.00, '2019-08-13 22:11:12', NULL, 3500, '', 1, 'Agent0612'),
(117, 8, 57, '50000', 6.00, '3000.00', 3, '0.00', 0.00, '2019-08-14 11:08:14', NULL, 0, '', 1, 'Sima777'),
(118, 11, 59, '100000', 8.00, '8000.00', 6, '0.00', 0.00, '2019-08-14 13:27:04', NULL, 0, '', 1, 'Polar1'),
(119, 7, 58, '100000', 6.00, '6000.00', 3, '0.00', 0.00, '2019-08-14 15:01:01', NULL, 7000, '', 1, 'Extrimmain'),
(120, 7, 74, '50000', 7.00, '3500.00', 3, '0.00', 0.00, '2019-08-14 17:48:36', NULL, 3500, '', 1, 'Agkosv111'),
(121, 8, 65, '100000', 6.00, '6000.00', 6, '1000.00', 1.00, '2019-08-14 18:41:22', 65, 0, '', 1, 'Agentnovemer'),
(122, 16, 65, '100000', 7.00, '7000.00', 6, '1000.00', 1.00, '2019-08-14 18:42:52', 65, 0, '', 1, 'Abelka1'),
(123, 7, 63, '50000', 6.00, '3000.00', 3, '0.00', 0.00, '2019-08-14 19:30:35', NULL, 3000, '', 1, 'Agent1212'),
(124, 7, 61, '100000', 6.00, '6000.00', 3, '0.00', 0.00, '2019-08-14 20:10:01', NULL, 6000, '', 1, 'Motosport2'),
(125, 7, 55, '50000', 6.00, '3000.00', 3, '0.00', 0.00, '2019-08-14 20:52:56', NULL, 3000, '', 1, 'Agentalexwest'),
(126, 8, 57, '100000', 6.00, '6000.00', 3, '0.00', 0.00, '2019-08-14 20:59:48', NULL, 6000, '', 1, 'Garik777'),
(127, 8, 79, '50000', 6.00, '3000.00', 3, '0.00', 0.00, '2019-08-14 21:15:56', NULL, 0, '', 1, 'Agentklassik2'),
(128, 14, 66, '50000', 7.00, '3500.00', 3, '0.00', 0.00, '2019-08-14 22:14:32', NULL, 3500, '', 1, '132'),
(129, 7, 82, '50000', 6.00, '3000.00', 3, '0.00', 0.00, '2019-08-15 02:13:27', 82, 3000, '', 1, 'Anna_odessa'),
(130, 7, 55, '50000', 6.00, '3000.00', 3, '0.00', 0.00, '2019-08-15 11:38:24', NULL, 3000, '', 1, 'Agentalexwest'),
(131, 7, 55, '50000', 6.00, '3000.00', 3, '0.00', 0.00, '2019-08-15 20:11:53', NULL, 3000, '', 1, 'Agentalexwest'),
(132, 14, 73, '50000', 7.00, '3500.00', 3, '0.00', 0.00, '2019-08-15 20:12:19', NULL, 3500, '', 1, '305'),
(133, 11, 71, '50000', 8.00, '4000.00', 3, '0.00', 0.00, '2019-08-15 20:22:10', NULL, 4000, '', 1, 'Alexcity 1'),
(134, 7, 63, '50000', 6.00, '3000.00', 3, '0.00', 0.00, '2019-08-15 21:14:44', NULL, 3000, '', 1, 'Agent1212'),
(135, 7, 57, '200000', 6.00, '12000.00', 3, '0.00', 0.00, '2019-08-16 12:58:49', NULL, 0, '', 1, 'Agent1203'),
(136, 8, 57, '200000', 6.00, '12000.00', 3, '0.00', 0.00, '2019-08-16 16:11:28', NULL, 0, '', 1, 'Sima777'),
(137, 6, 60, '500000', 6.00, '30000.00', 6, '0.00', 0.00, '2019-08-16 16:26:02', NULL, 30000, '', 1, 'Inredmain'),
(138, 7, 67, '100000', 6.00, '6000.00', 3, '0.00', 0.00, '2019-08-16 19:08:44', NULL, 6000, '', 1, 'Agentserj555'),
(139, 14, 66, '50000', 7.00, '3500.00', 3, '0.00', 0.00, '2019-08-16 21:24:53', NULL, 3500, '', 1, '132'),
(140, 7, 55, '50000', 6.00, '3000.00', 3, '0.00', 0.00, '2019-08-16 21:32:08', NULL, 3000, '', 1, 'Agentalexwest'),
(141, 8, 79, '50000', 6.00, '3000.00', 3, '0.00', 0.00, '2019-08-16 23:03:53', NULL, 3000, '', 1, 'Agentklassik2'),
(142, 11, 65, '100000', 5.00, '5000.00', 6, '100.00', 0.10, '2019-08-17 10:10:26', 65, 0, '', 1, 'Brabus'),
(143, 7, 57, '50000', 6.00, '3000.00', 3, '0.00', 0.00, '2019-08-17 11:18:23', NULL, 0, '', 1, 'Agent6969'),
(144, 8, 79, '50000', 6.00, '3000.00', 3, '0.00', 0.00, '2019-08-17 12:53:18', NULL, 0, '', 1, 'Agentklassik2'),
(145, 11, 59, '100000', 8.00, '8000.00', 6, '0.00', 0.00, '2019-08-17 13:14:23', NULL, 0, '', 1, 'Polar1'),
(146, 7, 63, '50000', 6.00, '3000.00', 3, '0.00', 0.00, '2019-08-17 14:48:24', NULL, 3000, '', 1, 'Agent1212'),
(147, 7, 55, '100000', 6.00, '6000.00', 3, '0.00', 0.00, '2019-08-17 16:50:06', NULL, 6000, '', 1, 'Agentalexwest'),
(148, 8, 65, '100000', 6.00, '6000.00', 6, '200.00', 0.20, '2019-08-17 16:55:21', 65, 0, '', 1, 'Bcplay'),
(149, 7, 84, '100000', 6.00, '6000.00', 3, '0.00', 0.00, '2019-08-17 21:13:15', NULL, 6000, '', 1, 'Agentdim_karambol'),
(150, 9, 71, '300000', 6.00, '18000.00', 3, '0.00', 0.00, '2019-08-17 22:05:07', NULL, 18000, '', 1, 'Alexcity'),
(151, 7, 61, '100000', 6.00, '6000.00', 3, '0.00', 0.00, '2019-08-18 07:08:19', NULL, 6000, '', 1, 'Motosport2'),
(152, 14, 63, '20000', 8.00, '1600.00', 3, '0.00', 0.00, '2019-08-18 11:28:08', 65, 1400, '', 1, '234'),
(153, 6, 60, '1000000', 6.00, '60000.00', 6, '5000.00', 0.50, '2019-08-18 14:40:06', 60, 60000, '', 1, 'Inredmain'),
(154, 8, 57, '200000', 6.00, '12000.00', 3, '0.00', 0.00, '2019-08-18 18:33:12', NULL, 0, '', 1, 'Sima777'),
(155, 7, 57, '200000', 6.00, '12000.00', 3, '0.00', 0.00, '2019-08-18 19:42:30', NULL, 0, '', 1, 'Agent1203'),
(156, 8, 65, '50000', 6.00, '3000.00', 6, '100.00', 0.20, '2019-08-19 09:32:15', 65, 0, '', 1, 'Bcplay'),
(157, 8, 65, '150000', 6.00, '9000.00', 6, '300.00', 0.20, '2019-08-19 11:04:02', 65, 0, '', 1, 'Bcplay'),
(158, 7, 55, '50000', 6.00, '3000.00', 3, '0.00', 0.00, '2019-08-19 12:56:21', NULL, 3000, '', 1, 'Agentalexwest'),
(159, 7, 84, '100000', 6.00, '6000.00', 3, '0.00', 0.00, '2019-08-19 15:56:07', NULL, 6000, '', 1, 'Rovno0707'),
(160, 7, 75, '50000', 7.00, '3500.00', 3, '0.00', 0.00, '2019-08-19 19:59:38', NULL, 0, '', 1, 'Mir777'),
(161, 7, 74, '50000', 7.00, '3500.00', 3, '0.00', 0.00, '2019-08-19 20:54:37', NULL, 3500, '', 1, 'Vil_83'),
(162, 8, 70, '50000', 7.00, '3500.00', 3, '0.00', 0.00, '2019-08-19 23:24:51', NULL, 3500, '', 1, 'Agent0612'),
(163, 14, 66, '50000', 7.00, '3500.00', 3, '0.00', 0.00, '2019-08-20 00:01:03', NULL, 3500, '', 1, '132'),
(164, 7, 74, '50000', 7.00, '3500.00', 3, '0.00', 0.00, '2019-08-20 00:25:01', NULL, 3500, '', 1, 'Agkosv112'),
(165, 7, 62, '100000', 7.00, '7000.00', 3, '0.00', 0.00, '2019-08-20 00:36:27', NULL, 7000, '', 1, 'BolDolina'),
(166, 7, 62, '100000', 7.00, '7000.00', 3, '0.00', 0.00, '2019-08-20 00:45:50', NULL, 7000, '', 1, 'BolDolina'),
(167, 14, 73, '50000', 7.00, '3500.00', 3, '0.00', 0.00, '2019-08-20 11:01:55', NULL, 3500, '', 1, '132'),
(168, 7, 57, '200000', 6.00, '12000.00', 3, '0.00', 0.00, '2019-08-20 18:08:56', NULL, 0, '', 1, 'Agent1203'),
(169, 6, 60, '500000', 6.00, '30000.00', 6, '2500.00', 0.50, '2019-08-20 23:43:49', 60, 30000, '', 1, 'Inredmain'),
(170, 7, 55, '50000', 6.00, '3000.00', 3, '0.00', 0.00, '2019-08-21 13:07:55', NULL, 3000, '', 1, 'Agentalexwest'),
(171, 7, 55, '50000', 6.00, '3000.00', 3, '0.00', 0.00, '2019-08-21 13:42:04', NULL, 3000, '', 1, 'Alexwest'),
(172, 12, 84, '50000', 8.00, '4000.00', 3, '0.00', 0.00, '2019-08-21 15:04:41', NULL, 0, '', 1, 'M'),
(173, 12, 59, '50000', 8.50, '4250.00', 6, '0.00', 0.00, '2019-08-21 15:16:03', NULL, 0, '', 1, 'Makedonskiy'),
(174, 19, 78, '100000', 13.00, '13000.00', 8, '0.00', 0.00, '2019-08-21 18:28:30', NULL, 13000, 'fsdfdsfsd', 1, '13231'),
(175, 7, 63, '50000', 6.00, '3000.00', 3, '0.00', 0.00, '2019-08-21 20:18:51', NULL, 3000, '', 1, 'Agent1212'),
(176, 7, 67, '100000', 6.00, '6000.00', 3, '0.00', 0.00, '2019-08-21 21:08:47', NULL, 6000, '', 1, 'Agentserj555'),
(177, 7, 56, '50000', 7.00, '3500.00', 3, '250.00', 0.50, '2019-08-21 21:44:42', 80, 3500, '', 1, 'gaidara42_2'),
(178, 7, 68, '400000', 6.50, '26000.00', 3, '1000.00', 0.25, '2019-08-21 22:36:14', 68, 26000, '', 1, 'Vadimrovno'),
(179, 7, 63, '100000', 6.00, '6000.00', 3, '0.00', 0.00, '2019-08-22 09:06:49', NULL, 6000, '', 1, 'Agent1212'),
(180, 7, 55, '50000', 6.00, '3000.00', 3, '0.00', 0.00, '2019-08-22 10:00:28', NULL, 3000, '', 1, 'Alexwest'),
(181, 7, 82, '130000', 6.00, '7800.00', 3, '0.00', 0.00, '2019-08-22 10:28:13', NULL, 7800, '', 1, 'Anna_odessa'),
(182, 13, 82, '100000', 8.00, '8000.00', 3, '0.00', 0.00, '2019-08-22 10:29:57', NULL, 8000, '', 1, 'Anna_odessa'),
(183, 14, 82, '60000', 6.50, '3900.00', 3, '0.00', 0.00, '2019-08-22 10:30:47', NULL, 3900, '', 1, '1087'),
(184, 11, 91, '100000', 6.00, '6000.00', 3, '0.00', 0.00, '2019-08-22 12:22:27', NULL, 0, '', 1, 'Agent118'),
(185, 8, 57, '100000', 6.00, '6000.00', 3, '0.00', 0.00, '2019-08-22 12:23:00', NULL, 0, '', 1, 'Inna777'),
(186, 6, 60, '500000', 6.00, '30000.00', 6, '0.00', 0.00, '2019-08-22 12:24:23', NULL, 30000, '', 1, 'Inredmain'),
(187, 11, 59, '100000', 8.00, '8000.00', 6, '0.00', 0.00, '2019-08-23 09:15:05', NULL, 0, '', 1, 'Polar1'),
(188, 8, 86, '50000', 6.00, '3000.00', 3, '0.00', 0.00, '2019-08-23 10:37:15', NULL, 0, '', 1, 'Diamant'),
(189, 7, 55, '50000', 6.00, '3000.00', 3, '0.00', 0.00, '2019-08-23 11:33:12', NULL, 3000, '', 1, 'Alexwest'),
(190, 7, 55, '50000', 6.00, '3000.00', 3, '0.00', 0.00, '2019-08-23 11:36:19', NULL, 3000, '', 1, 'AgentAlexwest'),
(191, 12, 59, '100000', 8.50, '8500.00', 6, '0.00', 0.00, '2019-08-23 12:59:37', NULL, 0, '', 1, 'Makedonskiy'),
(192, 8, 79, '50000', 6.00, '3000.00', 3, '0.00', 0.00, '2019-08-23 13:00:40', NULL, 3000, '', 1, 'Agentklassik2'),
(193, 8, 65, '200000', 6.00, '12000.00', 6, '400.00', 0.20, '2019-08-23 18:54:28', 65, 0, '', 1, 'Bcplay'),
(194, 7, 84, '100000', 6.00, '6000.00', 3, '0.00', 0.00, '2019-08-23 22:02:34', NULL, 0, '', 1, 'Agentdim_karambol'),
(195, 7, 57, '200000', 6.00, '12000.00', 3, '0.00', 0.00, '2019-08-24 08:41:46', NULL, 12000, '', 1, 'Agent1203'),
(196, 7, 57, '100000', 6.00, '6000.00', 3, '0.00', 0.00, '2019-08-24 09:32:04', NULL, 0, '', 1, 'Orion775'),
(197, 8, 86, '50000', 6.00, '3000.00', 3, '0.00', 0.00, '2019-08-24 13:15:28', NULL, 0, '', 1, 'Diamant'),
(198, 7, 74, '50000', 7.00, '3500.00', 3, '0.00', 0.00, '2019-08-24 16:38:45', NULL, 3500, '', 1, 'Agkosv112'),
(199, 8, 57, '200000', 6.00, '12000.00', 3, '0.00', 0.00, '2019-08-24 18:55:33', NULL, 0, '', 1, 'Sima777'),
(200, 8, 79, '50000', 6.00, '3000.00', 3, '0.00', 0.00, '2019-08-24 20:37:05', NULL, 0, '', 1, 'Agentklassik2'),
(201, 13, 87, '20000', 6.00, '1200.00', 3, '0.00', 0.00, '2019-08-24 23:05:47', NULL, 1200, '', 1, 'Everest'),
(202, 7, 55, '50000', 6.00, '3000.00', 3, '0.00', 0.00, '2019-08-24 23:08:25', NULL, 3000, '', 1, 'AgentAlexwest'),
(203, 6, 60, '500000', 6.00, '30000.00', 6, '2500.00', 0.50, '2019-08-25 15:31:59', 60, 30000, '', 1, 'Inredmain'),
(204, 14, 73, '50000', 7.00, '3500.00', 3, '0.00', 0.00, '2019-08-25 19:15:39', NULL, 3500, '', 1, '132'),
(205, 14, 59, '100000', 7.00, '7000.00', 6, '0.00', 0.00, '2019-08-26 12:45:03', NULL, 0, '', 1, '914'),
(206, 7, 88, '50000', 6.00, '3000.00', 3, '0.00', 0.00, '2019-08-26 13:59:41', NULL, 0, '', 1, 'Sedymoy'),
(207, 7, 56, '50000', 7.00, '3500.00', 3, '250.00', 0.50, '2019-08-26 19:25:03', 80, 3500, '', 1, 'gaidara42_3'),
(208, 8, 57, '50000', 6.00, '3000.00', 3, '0.00', 0.00, '2019-08-26 21:05:28', NULL, 0, '', 1, 'Sima777'),
(209, 8, 57, '200000', 6.00, '12000.00', 3, '0.00', 0.00, '2019-08-27 11:32:58', NULL, 12000, '', 1, 'Sima777'),
(210, 12, 66, '100000', 8.00, '8000.00', 3, '0.00', 0.00, '2019-08-27 12:54:26', NULL, 0, '', 1, '33'),
(211, 7, 56, '50000', 7.00, '3500.00', 3, '250.00', 0.50, '2019-08-27 14:43:57', 80, 0, '', 1, 'gaidara42_2'),
(212, 8, 70, '50000', 7.00, '3500.00', 3, '0.00', 0.00, '2019-08-27 14:44:50', NULL, 0, '', 1, 'Agent0612'),
(213, 7, 67, '100000', 6.00, '6000.00', 3, '0.00', 0.00, '2019-08-27 17:27:07', NULL, 6000, '', 1, 'Agentserj555'),
(214, 6, 60, '500000', 6.00, '30000.00', 6, '2500.00', 0.50, '2019-08-27 19:12:20', 60, 30000, '', 1, 'Inredmain'),
(215, 7, 64, '200000', 6.50, '13000.00', 3, '0.00', 0.00, '2019-08-27 20:10:49', NULL, 13000, '', 1, 'Agent_a'),
(216, 6, 60, '500000', 6.00, '30000.00', 6, '0.00', 0.00, '2019-08-27 21:53:21', NULL, 30000, '', 1, 'Inredmain'),
(217, 7, 57, '200000', 6.00, '12000.00', 3, '0.00', 0.00, '2019-08-27 22:00:19', NULL, 0, '', 1, 'Agent1203'),
(218, 7, 84, '100000', 6.00, '6000.00', 3, '0.00', 0.00, '2019-08-28 15:22:04', NULL, 0, '', 1, 'Agentdim_karambol'),
(219, 8, 65, '200000', 6.00, '12000.00', 6, '400.00', 0.20, '2019-08-28 19:17:23', 65, 0, '', 1, 'Bcplay'),
(220, 8, 57, '150000', 6.00, '9000.00', 3, '0.00', 0.00, '2019-08-28 22:19:02', NULL, 0, '', 1, 'Sima777'),
(221, 8, 79, '50000', 6.00, '3000.00', 3, '0.00', 0.00, '2019-08-28 22:19:25', NULL, 3000, '', 1, 'Agentklassik2'),
(222, 7, 55, '50000', 6.00, '3000.00', 3, '0.00', 0.00, '2019-08-29 07:36:23', NULL, 3000, '', 1, 'AgentAlexwest'),
(223, 13, 77, '50000', 7.00, '3500.00', 3, '0.00', 0.00, '2019-08-29 10:05:55', NULL, 0, '', 1, 'Andrey'),
(224, 7, 55, '50000', 6.00, '3000.00', 3, '0.00', 0.00, '2019-08-29 14:58:16', NULL, 3000, '', 1, 'AgentAlexwest'),
(225, 12, 59, '50000', 8.50, '4250.00', 6, '0.00', 0.00, '2019-08-29 15:52:06', NULL, 0, '', 1, 'Makedonskiy'),
(226, 7, 74, '50000', 7.00, '3500.00', 3, '0.00', 0.00, '2019-08-29 18:11:22', NULL, 3500, '', 1, 'Cashkosv12'),
(227, 7, 69, '100000', 6.50, '6500.00', 3, '0.00', 0.00, '2019-08-29 19:17:58', NULL, 0, '', 1, 'Agentsashasever'),
(228, 7, 61, '100000', 6.00, '6000.00', 3, '0.00', 0.00, '2019-08-29 20:44:36', NULL, 6000, '', 1, 'Motosport2'),
(229, 6, 60, '500000', 6.00, '30000.00', 6, '2500.00', 0.50, '2019-08-29 21:39:16', 60, 30000, '', 1, 'Inredmain'),
(230, 7, 62, '50000', 6.00, '3000.00', 3, '0.00', 0.00, '2019-08-30 05:21:54', NULL, 3000, '', 1, 'Parusnaya3'),
(231, 14, 66, '50000', 7.00, '3500.00', 3, '0.00', 0.00, '2019-08-30 08:18:51', NULL, 3500, '', 1, '132'),
(232, 7, 67, '100000', 6.00, '6000.00', 3, '0.00', 0.00, '2019-08-30 09:18:26', NULL, 6000, '', 1, 'Agentserj555'),
(233, 11, 57, '50000', 8.00, '4000.00', 3, '0.00', 0.00, '2019-08-30 13:06:18', NULL, 0, '', 1, 'Roma777'),
(234, 8, 57, '200000', 6.00, '12000.00', 3, '0.00', 0.00, '2019-08-30 17:36:17', NULL, 0, '', 1, 'Sima777'),
(235, 7, 83, '100000', 7.00, '7000.00', 3, '0.00', 0.00, '2019-08-30 20:54:57', NULL, 7000, '', 1, 'Extrimmain'),
(236, 7, 81, '50000', 6.00, '3000.00', 3, '0.00', 0.00, '2019-08-30 20:55:59', NULL, 3000, '', 1, 'Agent1212'),
(237, 7, 57, '100000', 6.00, '6000.00', 3, '0.00', 0.00, '2019-08-30 23:48:24', NULL, 0, '', 1, 'Agent1203'),
(238, 7, 57, '100000', 6.00, '6000.00', 3, '0.00', 0.00, '2019-08-31 10:10:36', NULL, 0, '', 1, 'Agent1203'),
(239, 7, 55, '50000', 6.00, '3000.00', 3, '0.00', 0.00, '2019-08-31 14:55:27', NULL, 3000, '', 1, 'AgentAlexwest'),
(240, 7, 55, '50000', 6.00, '3000.00', 3, '0.00', 0.00, '2019-08-31 18:23:32', NULL, 3000, '', 1, 'AgentAlexwest'),
(241, 7, 81, '100000', 6.00, '6000.00', 3, '0.00', 0.00, '2019-08-31 18:38:56', NULL, 0, '', 1, 'Agent1212'),
(242, 7, 74, '50000', 7.00, '3500.00', 3, '0.00', 0.00, '2019-08-31 22:32:45', NULL, 3500, '', 1, 'Cashkosv12'),
(243, 7, 82, '50000', 6.00, '3000.00', 3, '0.00', 0.00, '2019-08-31 23:11:34', NULL, 0, '', 1, 'Anna_odessa'),
(244, 8, 57, '200000', 6.00, '12000.00', 3, '0.00', 0.00, '2019-08-31 23:12:45', NULL, 0, '', 1, 'Sima777'),
(245, 7, 55, '50000', 6.00, '3000.00', 3, '0.00', 0.00, '2019-08-31 23:56:10', NULL, 3000, '', 1, 'AgentAlexwest'),
(246, 6, 60, '500000', 6.00, '30000.00', 6, '0.00', 0.00, '2019-09-01 05:01:40', NULL, 30000, '', 1, 'Inredmain'),
(247, 8, 65, '100000', 7.00, '7000.00', 6, '1200.00', 1.20, '2019-09-01 11:04:06', 65, 0, '', 1, 'Novemer'),
(248, 8, 57, '100000', 6.00, '6000.00', 3, '0.00', 0.00, '2019-09-01 16:51:43', NULL, 0, '', 1, 'Sima777'),
(249, 7, 57, '200000', 6.00, '12000.00', 3, '0.00', 0.00, '2019-09-01 18:03:31', NULL, 0, '', 1, 'Agent1203'),
(250, 7, 55, '50000', 6.00, '3000.00', 3, '0.00', 0.00, '2019-09-01 18:27:17', NULL, 3000, '', 1, 'AgentAlexwest'),
(251, 12, 82, '50000', 8.00, '4000.00', 3, '0.00', 0.00, '2019-09-01 22:51:59', NULL, 4000, '', 1, 'Anna_odessa'),
(252, 9, 71, '300000', 6.00, '18000.00', 3, '0.00', 0.00, '2019-09-02 11:37:28', NULL, 0, '', 1, 'Alexcity'),
(253, 11, 59, '100000', 8.00, '8000.00', 6, '0.00', 0.00, '2019-09-02 14:38:40', NULL, 0, '', 1, 'Polar1'),
(254, 8, 65, '200000', 6.00, '12000.00', 6, '400.00', 0.20, '2019-09-02 16:22:34', 65, 0, '', 1, 'Bcplay'),
(255, 8, 70, '50000', 7.00, '3500.00', 3, '0.00', 0.00, '2019-09-02 16:54:28', NULL, 0, '', 1, 'Agent0612'),
(256, 7, 55, '50000', 6.00, '3000.00', 3, '0.00', 0.00, '2019-09-02 18:29:23', NULL, 3000, '', 1, 'AgentAlexwest'),
(257, 6, 60, '500000', 6.00, '30000.00', 6, '2500.00', 0.50, '2019-09-02 21:02:29', 60, 30000, '', 1, 'Inredmain'),
(258, 7, 56, '50000', 7.00, '3500.00', 3, '250.00', 0.50, '2019-09-03 11:49:23', 80, 3500, '', 1, 'gaidara42_2'),
(259, 7, 55, '50000', 6.00, '3000.00', 3, '0.00', 0.00, '2019-09-03 13:31:30', NULL, 3000, '', 1, 'AgentAlexwest'),
(260, 8, 57, '100000', 6.00, '6000.00', 3, '0.00', 0.00, '2019-09-03 14:01:19', NULL, 0, '', 1, 'Sima777'),
(261, 7, 61, '100000', 6.00, '6000.00', 3, '0.00', 0.00, '2019-09-03 21:11:54', NULL, 6000, '', 1, 'Motosport2'),
(262, 7, 67, '100000', 6.00, '6000.00', 3, '0.00', 0.00, '2019-09-03 21:12:20', NULL, 6000, '', 1, 'Agentserj555'),
(263, 8, 57, '150000', 6.00, '9000.00', 3, '0.00', 0.00, '2019-09-03 21:16:41', NULL, 0, '', 1, 'Garik777'),
(264, 7, 82, '50000', 6.00, '3000.00', 3, '0.00', 0.00, '2019-09-03 23:05:05', NULL, 3000, '', 1, 'Anna_odessa'),
(265, 14, 82, '50000', 6.50, '3250.00', 3, '0.00', 0.00, '2019-09-04 08:17:20', NULL, 0, '', 1, '1087'),
(266, 14, 66, '50000', 7.00, '3500.00', 3, '0.00', 0.00, '2019-09-04 11:29:21', NULL, 3500, '', 1, '132'),
(267, 14, 57, '50000', 7.00, '3500.00', 3, '0.00', 0.00, '2019-09-04 13:23:12', NULL, 0, '', 1, '1048'),
(268, 8, 86, '50000', 7.00, '3500.00', 3, '0.00', 0.00, '2019-09-04 16:55:19', NULL, 0, '', 1, 'Diamant'),
(269, 14, 73, '50000', 7.00, '3500.00', 3, '0.00', 0.00, '2019-09-04 17:07:31', NULL, 3500, '', 1, '305'),
(270, 7, 57, '200000', 6.00, '12000.00', 3, '0.00', 0.00, '2019-09-04 17:18:05', NULL, 0, '', 1, 'Agent1203'),
(271, 8, 70, '50000', 7.00, '3500.00', 3, '0.00', 0.00, '2019-09-04 17:57:56', NULL, 3500, '', 1, 'Agent0612'),
(272, 12, 68, '100000', 8.00, '8000.00', 3, '0.00', 0.00, '2019-09-04 20:24:54', NULL, 8000, '', 1, 'W1r1rovno'),
(273, 7, 57, '100000', 6.00, '6000.00', 3, '0.00', 0.00, '2019-09-05 08:22:27', NULL, 0, '', 1, 'Orion775'),
(274, 7, 89, '100000', 6.00, '6000.00', 3, '0.00', 0.00, '2019-09-05 10:06:50', NULL, 0, '', 1, 'Viktoria19'),
(275, 11, 89, '50000', 8.00, '4000.00', 3, '0.00', 0.00, '2019-09-05 10:09:26', NULL, 0, '', 1, 'Viktoria19'),
(276, 14, 89, '50000', 7.00, '3500.00', 3, '0.00', 0.00, '2019-09-05 10:10:03', NULL, 0, '', 1, '1096'),
(277, 8, 57, '250000', 6.00, '15000.00', 3, '0.00', 0.00, '2019-09-05 11:41:51', NULL, 0, '', 1, 'Dima777'),
(278, 7, 56, '50000', 7.00, '3500.00', 3, '0.00', 0.00, '2019-09-05 13:34:51', 80, 3500, '', 1, 'gaidara42_3'),
(279, 11, 59, '100000', 8.00, '8000.00', 6, '0.00', 0.00, '2019-09-05 13:35:16', NULL, 0, '', 1, 'Polar1'),
(280, 6, 60, '500000', 6.00, '30000.00', 6, '2500.00', 0.50, '2019-09-05 15:11:55', 60, 30000, '', 1, 'Inredmain'),
(281, 7, 90, '300000', 5.00, '15000.00', 6, '0.00', 0.00, '2019-09-05 19:23:12', NULL, 15000, '', 1, 'Jantar'),
(282, 7, 90, '300000', 5.00, '15000.00', 6, '0.00', 0.00, '2019-09-05 19:23:21', NULL, 15000, '', 1, 'Jantar'),
(283, 7, 90, '300000', 5.00, '15000.00', 6, '0.00', 0.00, '2019-09-05 19:32:14', NULL, 15000, '', 1, 'Jantar'),
(284, 14, 66, '50000', 7.00, '3500.00', 3, '0.00', 0.00, '2019-09-06 07:47:16', NULL, 3500, '', 1, '132'),
(285, 7, 82, '50000', 6.00, '3000.00', 3, '0.00', 0.00, '2019-09-06 08:19:12', NULL, 0, '', 1, 'Anna_odessa'),
(286, 14, 82, '50000', 6.50, '3250.00', 3, '0.00', 0.00, '2019-09-06 08:22:58', NULL, 0, '', 1, '1087'),
(287, 12, 82, '50000', 8.00, '4000.00', 3, '0.00', 0.00, '2019-09-06 08:23:47', NULL, 0, '', 1, 'Anna_odessa'),
(288, 8, 57, '100000', 6.00, '6000.00', 3, '0.00', 0.00, '2019-09-06 13:30:05', NULL, 0, '', 1, 'Garik777'),
(289, 7, 55, '50000', 6.00, '3000.00', 3, '0.00', 0.00, '2019-09-06 16:45:52', NULL, 3000, '', 1, 'AgentAlexwest'),
(290, 7, 55, '50000', 6.00, '3000.00', 3, '0.00', 0.00, '2019-09-06 17:16:24', NULL, 3000, '', 1, 'AgentAlexwest'),
(291, 7, 84, '100000', 6.50, '6500.00', 3, '0.00', 0.00, '2019-09-06 21:14:07', NULL, 6500, '', 1, 'Rovno0707'),
(292, 14, 82, '50000', 7.00, '3500.00', 3, '0.00', 0.00, '2019-09-06 22:00:27', NULL, 3500, '', 1, '1087'),
(293, 7, 63, '50000', 6.00, '3000.00', 3, '0.00', 0.00, '2019-09-06 22:16:04', NULL, 3000, '', 1, 'Agent1212'),
(294, 7, 55, '60000', 6.00, '3600.00', 3, '0.00', 0.00, '2019-09-06 22:22:37', NULL, 3600, '', 1, 'AgentAlexwest'),
(295, 7, 56, '50000', 7.00, '3500.00', 3, '250.00', 0.50, '2019-09-06 23:33:24', 80, 3000, '', 1, 'gaidara42_2'),
(296, 7, 55, '50000', 6.00, '3000.00', 3, '0.00', 0.00, '2019-09-07 00:03:42', NULL, 3000, '', 1, 'AgentAlexwest'),
(297, 7, 55, '50000', 6.00, '3000.00', 3, '0.00', 0.00, '2019-09-07 02:53:54', NULL, 3000, '', 1, 'AgentAlexwest'),
(298, 6, 60, '500000', 6.00, '30000.00', 6, '2500.00', 0.50, '2019-09-07 13:08:18', 60, 30000, '', 1, 'Inredmain'),
(299, 7, 57, '200000', 6.00, '12000.00', 3, '0.00', 0.00, '2019-09-07 13:09:54', NULL, 0, '', 1, 'Agent1203'),
(300, 12, 59, '50000', 8.50, '4250.00', 6, '0.00', 0.00, '2019-09-07 13:11:23', NULL, 0, '', 1, 'Makedonskiy'),
(301, 14, 66, '50000', 7.00, '3500.00', 3, '0.00', 0.00, '2019-09-07 15:50:00', NULL, 3500, '', 1, '132'),
(302, 7, 55, '50000', 6.00, '3000.00', 3, '0.00', 0.00, '2019-09-07 18:57:35', NULL, 3000, '', 1, 'AgentAlexwest'),
(303, 7, 62, '50000', 7.00, '3500.00', 3, '0.00', 0.00, '2019-09-07 20:06:50', NULL, 3500, '', 1, 'Parusnaya3'),
(304, 7, 63, '50000', 6.00, '3000.00', 3, '0.00', 0.00, '2019-09-07 20:34:02', NULL, 3000, '', 1, 'Agent1212'),
(305, 8, 57, '400000', 6.00, '24000.00', 3, '0.00', 0.00, '2019-09-08 09:04:31', NULL, 0, '', 1, 'Sima777'),
(306, 7, 69, '100000', 6.50, '6500.00', 3, '0.00', 0.00, '2019-09-08 11:52:40', NULL, 6500, '', 1, 'Agentsashasever'),
(307, 7, 62, '100000', 7.00, '7000.00', 3, '0.00', 0.00, '2019-09-08 12:57:51', NULL, 7000, '', 1, 'Parusnaya3'),
(308, 7, 55, '50000', 6.00, '3000.00', 3, '0.00', 0.00, '2019-09-08 16:24:04', NULL, 3000, '', 1, 'AgentAlexwest'),
(309, 7, 56, '50000', 7.00, '3500.00', 3, '250.00', 0.50, '2019-09-08 17:10:14', 80, 3500, '', 1, 'gaidara42_3'),
(310, 7, 56, '50000', 7.00, '3500.00', 3, '250.00', 0.50, '2019-09-08 17:42:44', 80, 3500, '', 1, 'gaidara42_3'),
(311, 7, 56, '50000', 7.00, '3500.00', 3, '250.00', 0.50, '2019-09-08 20:29:19', 80, 3500, '', 1, 'gaidara42_2'),
(312, 7, 75, '50000', 7.00, '3500.00', 3, '0.00', 0.00, '2019-09-08 21:29:44', NULL, 0, '', 1, 'Mir777'),
(313, 7, 64, '200000', 6.50, '13000.00', 3, '0.00', 0.00, '2019-09-09 11:07:42', NULL, 13000, '', 1, 'Agent_a'),
(314, 7, 67, '100000', 6.00, '6000.00', 3, '0.00', 0.00, '2019-09-09 11:08:30', NULL, 6000, '', 1, 'Agentserj555'),
(315, 14, 66, '50000', 7.00, '3500.00', 3, '0.00', 0.00, '2019-09-09 12:12:04', NULL, 3500, '', 1, '132'),
(316, 7, 55, '50000', 6.00, '3000.00', 3, '0.00', 0.00, '2019-09-09 15:12:47', NULL, 3000, '', 1, 'AgentAlexwest'),
(317, 7, 56, '50000', 7.00, '3500.00', 3, '250.00', 0.50, '2019-09-09 16:10:13', 80, 3500, '', 1, 'gaidara42_3'),
(318, 7, 57, '200000', 6.00, '12000.00', 3, '0.00', 0.00, '2019-09-09 17:47:22', NULL, 0, '', 1, 'Agent1203'),
(319, 14, 82, '50000', 6.50, '3250.00', 3, '0.00', 0.00, '2019-09-09 22:27:58', NULL, 0, '', 1, '1087'),
(320, 7, 55, '100000', 6.00, '6000.00', 3, '0.00', 0.00, '2019-09-09 23:52:59', NULL, 6000, '', 1, 'AgentAlexwest'),
(321, 8, 57, '200000', 6.00, '12000.00', 3, '0.00', 0.00, '2019-09-10 08:18:52', NULL, 0, '', 1, 'Sima777'),
(322, 11, 91, '100000', 6.00, '6000.00', 3, '0.00', 0.00, '2019-09-10 12:31:45', NULL, 0, '', 1, 'Agenr118'),
(323, 6, 60, '500000', 6.00, '30000.00', 6, '2500.00', 0.50, '2019-09-10 14:10:31', 60, 30000, '', 1, 'Inredmain'),
(324, 7, 74, '50000', 7.00, '3500.00', 3, '0.00', 0.00, '2019-09-10 14:14:23', NULL, 3500, '', 1, 'Cashkosv12'),
(325, 7, 88, '50000', 6.00, '3000.00', 3, '0.00', 0.00, '2019-09-10 14:47:31', NULL, 3000, '', 1, 'Kaska6'),
(326, 7, 61, '100000', 6.00, '6000.00', 3, '0.00', 0.00, '2019-09-10 15:57:53', NULL, 6000, '', 1, 'Motosport2'),
(327, 8, 57, '200000', 6.00, '12000.00', 3, '0.00', 0.00, '2019-09-10 20:34:23', NULL, 0, '', 1, 'Sima777'),
(328, 7, 82, '50000', 6.00, '3000.00', 3, '0.00', 0.00, '2019-09-10 22:22:18', NULL, 0, '', 1, 'Anna_odessa'),
(329, 14, 66, '50000', 7.00, '3500.00', 3, '0.00', 0.00, '2019-09-10 23:48:11', NULL, 3500, '', 1, '132'),
(330, 7, 62, '50000', 7.00, '3500.00', 3, '0.00', 0.00, '2019-09-11 11:12:30', NULL, 3500, '', 1, 'Parusnaya3'),
(331, 7, 55, '50000', 6.00, '3000.00', 3, '0.00', 0.00, '2019-09-11 12:02:21', NULL, 3000, '', 1, 'AgentAlexwest'),
(332, 12, 59, '50000', 8.50, '4250.00', 6, '0.00', 0.00, '2019-09-11 12:30:12', NULL, 0, '', 1, 'Makedonskiy'),
(333, 7, 56, '50000', 7.00, '3500.00', 3, '250.00', 0.50, '2019-09-11 12:54:03', 80, 3500, '', 1, 'gaidara42_2'),
(334, 11, 59, '100000', 8.00, '8000.00', 6, '0.00', 0.00, '2019-09-11 13:25:23', NULL, 0, '', 1, 'Polar1'),
(335, 7, 84, '200000', 6.00, '12000.00', 3, '0.00', 0.00, '2019-09-11 13:40:37', NULL, 0, '', 1, 'AgentDim_karambol'),
(336, 7, 55, '50000', 6.00, '3000.00', 3, '0.00', 0.00, '2019-09-11 16:51:46', NULL, 3000, '', 1, 'AgentAlexwest'),
(337, 7, 56, '50000', 7.00, '3500.00', 3, '250.00', 0.50, '2019-09-11 20:03:49', 80, 3500, '', 1, 'gaidara42_2'),
(338, 14, 82, '50000', 6.50, '3250.00', 3, '0.00', 0.00, '2019-09-11 22:42:15', NULL, 0, '', 1, '1087'),
(339, 8, 57, '150000', 6.00, '9000.00', 3, '0.00', 0.00, '2019-09-12 13:21:59', NULL, 0, '', 1, 'Garik777'),
(340, 8, 65, '300000', 6.00, '18000.00', 6, '600.00', 0.20, '2019-09-12 16:14:38', 65, 0, '', 1, 'Bcplay'),
(341, 7, 55, '50000', 6.00, '3000.00', 3, '0.00', 0.00, '2019-09-12 16:46:50', NULL, 3000, '', 1, 'AgentAlexwest'),
(342, 7, 57, '200000', 6.00, '12000.00', 3, '0.00', 0.00, '2019-09-12 17:59:29', NULL, 0, '', 1, 'Agent1203'),
(343, 7, 55, '50000', 6.00, '3000.00', 3, '0.00', 0.00, '2019-09-12 18:38:32', NULL, 3000, '', 1, 'AgentAlexwest'),
(344, 7, 63, '50000', 6.00, '3000.00', 3, '0.00', 0.00, '2019-09-12 18:47:41', NULL, 3000, '', 1, 'Agent1212'),
(345, 7, 67, '100000', 6.00, '6000.00', 3, '0.00', 0.00, '2019-09-12 20:10:37', NULL, 0, '', 1, 'Agentserj555'),
(346, 6, 60, '500000', 6.00, '30000.00', 6, '0.00', 0.00, '2019-09-12 20:14:21', NULL, 30000, '', 1, 'Inredmain'),
(347, 7, 62, '100000', 7.00, '7000.00', 3, '0.00', 0.00, '2019-09-12 23:05:54', NULL, 7000, '', 1, 'Parusnaya3'),
(348, 7, 62, '100000', 7.00, '7000.00', 3, '0.00', 0.00, '2019-09-12 23:22:24', NULL, 7000, '', 1, 'Parusnaya3'),
(349, 7, 62, '100000', 7.00, '7000.00', 3, '0.00', 0.00, '2019-09-12 23:30:00', NULL, 7000, '', 1, 'Parusnaya3'),
(350, 7, 82, '50000', 6.00, '3000.00', 3, '0.00', 0.00, '2019-09-13 08:18:23', NULL, 3000, '', 1, 'Anna_odessa'),
(351, 14, 66, '50000', 7.00, '3500.00', 3, '0.00', 0.00, '2019-09-13 08:52:23', NULL, 3500, '', 1, '132'),
(352, 7, 68, '400000', 6.50, '26000.00', 3, '1000.00', 0.25, '2019-09-13 11:55:58', 68, 0, '', 1, 'Vadimrovno'),
(353, 13, 77, '50000', 7.00, '3500.00', 3, '0.00', 0.00, '2019-09-13 15:41:01', NULL, 0, '', 1, 'Andrey'),
(354, 8, 57, '150000', 6.00, '9000.00', 3, '0.00', 0.00, '2019-09-13 20:19:29', NULL, 0, '', 1, 'Sima777'),
(355, 7, 55, '50000', 6.00, '3000.00', 3, '0.00', 0.00, '2019-09-14 10:02:14', NULL, 3000, '', 1, 'AgentAlexwest'),
(356, 7, 56, '50000', 7.00, '3500.00', 3, '250.00', 0.50, '2019-09-14 12:28:19', 80, 3500, '', 1, 'gaidara42_3'),
(357, 7, 56, '50000', 7.00, '3500.00', 3, '250.00', 0.50, '2019-09-14 13:13:08', 80, 3500, '', 1, 'gaidara42_3'),
(358, 7, 81, '50000', 6.00, '3000.00', 3, '0.00', 0.00, '2019-09-14 14:30:47', NULL, 0, '', 1, 'Agent1212'),
(359, 8, 57, '100000', 6.00, '6000.00', 3, '0.00', 0.00, '2019-09-14 17:15:28', NULL, 0, '', 1, 'Inna777'),
(360, 6, 60, '500000', 6.00, '30000.00', 6, '0.00', 0.00, '2019-09-14 17:39:32', NULL, 30000, '', 1, 'Inredmain'),
(361, 7, 55, '50000', 6.00, '3000.00', 3, '0.00', 0.00, '2019-09-14 19:47:40', NULL, 3000, '', 1, 'AgentAlexwest'),
(362, 7, 82, '50000', 6.00, '3000.00', 3, '0.00', 0.00, '2019-09-14 21:28:17', NULL, 3000, '', 1, 'Anna_odessa'),
(363, 14, 82, '50000', 6.50, '3250.00', 3, '0.00', 0.00, '2019-09-14 23:22:02', NULL, 3250, '', 1, '1087'),
(364, 11, 71, '50000', 8.00, '4000.00', 3, '0.00', 0.00, '2019-09-15 00:02:41', NULL, 4000, '', 1, 'Alexcity 1'),
(365, 7, 55, '100000', 6.00, '6000.00', 3, '0.00', 0.00, '2019-09-15 01:05:36', NULL, 6000, '', 1, 'AgentAlexwest'),
(366, 6, 60, '500000', 6.00, '30000.00', 6, '0.00', 0.00, '2019-09-15 09:38:11', NULL, 30000, '', 1, 'Inredmain'),
(367, 14, 66, '50000', 7.00, '3500.00', 3, '0.00', 0.00, '2019-09-15 10:29:40', NULL, 3500, '', 1, '132'),
(368, 7, 92, '0', 7.00, '0.00', 3, '0.00', 0.00, '2019-09-15 15:53:46', NULL, 0, '', 1, 'Alex_oleg'),
(369, 7, 57, '200000', 6.00, '12000.00', 3, '0.00', 0.00, '2019-09-15 17:23:50', NULL, 0, '', 1, 'Agent1203'),
(370, 7, 84, '100000', 6.50, '6500.00', 3, '0.00', 0.00, '2019-09-15 17:42:12', NULL, 6500, '', 1, 'Rovno0707'),
(371, 8, 86, '50000', 7.00, '3500.00', 3, '0.00', 0.00, '2019-09-15 21:51:46', NULL, 0, '', 1, 'Diamant'),
(372, 7, 56, '50000', 7.00, '3500.00', 3, '250.00', 0.50, '2019-09-15 22:01:38', 80, 3500, '', 1, 'gaidara42_2'),
(373, 7, 74, '50000', 7.00, '3500.00', 3, '0.00', 0.00, '2019-09-16 03:39:45', NULL, 3500, '', 1, 'Loto7777776'),
(374, 7, 55, '50000', 6.00, '3000.00', 3, '0.00', 0.00, '2019-09-16 09:44:01', NULL, 3000, '', 1, 'AgentAlexwest'),
(375, 7, 61, '100000', 6.00, '6000.00', 3, '0.00', 0.00, '2019-09-16 09:58:49', NULL, 6000, '', 1, 'Motosport2'),
(376, 14, 82, '50000', 6.50, '3250.00', 3, '0.00', 0.00, '2019-09-16 11:19:04', NULL, 3250, '', 1, '1087'),
(377, 11, 59, '100000', 8.00, '8000.00', 6, '0.00', 0.00, '2019-09-16 13:25:21', NULL, 0, '', 1, 'Polar1'),
(378, 7, 88, '50000', 6.00, '3000.00', 3, '0.00', 0.00, '2019-09-16 16:37:07', NULL, 3000, '', 1, 'Sedymoy'),
(379, 7, 56, '50000', 7.00, '3500.00', 3, '250.00', 0.50, '2019-09-16 16:41:48', 80, 3500, '', 1, 'gaidara42_3'),
(380, 7, 56, '50000', 7.00, '3500.00', 3, '250.00', 0.50, '2019-09-16 18:29:51', 80, 3500, '', 1, 'gaidara42_2'),
(381, 8, 65, '100000', 6.00, '6000.00', 6, '1200.00', 1.20, '2019-09-16 20:54:38', 65, 0, '', 1, 'Novemer'),
(382, 8, 57, '100000', 6.00, '6000.00', 3, '0.00', 0.00, '2019-09-17 13:58:51', NULL, 0, '', 1, 'Sima777'),
(383, 7, 83, '100000', 7.00, '7000.00', 3, '0.00', 0.00, '2019-09-17 16:22:13', NULL, 7000, '', 1, 'Extrimmain'),
(384, 14, 93, '50000', 8.00, '4000.00', 3, '0.00', 0.00, '2019-09-17 17:30:46', NULL, 0, '', 1, '340'),
(385, 9, 71, '300000', 6.00, '18000.00', 3, '0.00', 0.00, '2019-09-17 18:18:31', NULL, 18000, '', 1, 'Alexcity'),
(386, 7, 63, '50000', 6.00, '3000.00', 3, '0.00', 0.00, '2019-09-17 20:00:00', NULL, 3000, '', 1, 'Agent1212'),
(387, 14, 66, '50000', 7.00, '3500.00', 3, '0.00', 0.00, '2019-09-17 22:29:20', NULL, 3500, '', 1, '132'),
(388, 6, 60, '500000', 6.00, '30000.00', 6, '2500.00', 0.50, '2019-09-18 00:05:12', 60, 30000, '', 1, 'Inredmain'),
(389, 7, 67, '100000', 6.00, '6000.00', 3, '0.00', 0.00, '2019-09-18 13:30:58', NULL, 6000, '', 1, 'Agentserj555'),
(390, 8, 57, '400000', 6.00, '24000.00', 3, '0.00', 0.00, '2019-09-18 16:07:52', NULL, 0, '', 1, 'Sima777'),
(391, 7, 92, '50000', 7.00, '3500.00', 3, '0.00', 0.00, '2019-09-18 16:08:20', NULL, 0, '', 1, 'Alex_oleg'),
(392, 7, 55, '50000', 6.00, '3000.00', 3, '0.00', 0.00, '2019-09-18 16:14:34', NULL, 3000, '', 1, 'AgentAlexwest'),
(393, 7, 61, '100000', 6.00, '6000.00', 3, '0.00', 0.00, '2019-09-18 17:56:47', NULL, 6000, '', 1, 'Motosport2'),
(394, 6, 60, '500000', 6.00, '30000.00', 6, '2500.00', 0.50, '2019-09-18 20:35:37', 60, 0, '', 1, 'Inredmain'),
(395, 7, 55, '50000', 6.00, '3000.00', 3, '0.00', 0.00, '2019-09-18 20:44:31', NULL, 3000, '', 1, 'AgentAlexwest'),
(396, 7, 55, '50000', 6.00, '3000.00', 3, '0.00', 0.00, '2019-09-18 21:28:24', NULL, 3000, '', 1, 'AgentAlexwest'),
(397, 7, 55, '50000', 6.00, '3000.00', 3, '0.00', 0.00, '2019-09-18 21:47:17', NULL, 3000, '', 1, 'AgentAlexwest'),
(398, 7, 57, '200000', 6.00, '12000.00', 3, '0.00', 0.00, '2019-09-19 11:48:01', NULL, 0, '', 1, 'Agent1203'),
(399, 11, 59, '100000', 8.00, '8000.00', 6, '0.00', 0.00, '2019-09-19 15:21:50', NULL, 0, '', 1, 'Polar1'),
(400, 7, 82, '50000', 6.00, '3000.00', 3, '0.00', 0.00, '2019-09-19 18:09:49', NULL, 3000, '', 1, 'Anna_odessa'),
(401, 7, 56, '50000', 7.00, '3500.00', 3, '250.00', 0.50, '2019-09-19 18:18:48', 80, 3500, '', 1, 'gaidara42_2'),
(402, 8, 57, '300000', 6.00, '18000.00', 3, '0.00', 0.00, '2019-09-19 21:27:59', NULL, 0, '', 1, 'Sima777'),
(403, 7, 55, '50000', 6.00, '3000.00', 3, '0.00', 0.00, '2019-09-20 08:27:40', NULL, 3000, '', 1, 'AgentAlexwest'),
(404, 7, 55, '50000', 6.00, '3000.00', 3, '0.00', 0.00, '2019-09-20 08:47:28', NULL, 3000, '', 1, 'AgentAlexwest'),
(405, 7, 55, '50000', 6.00, '3000.00', 3, '0.00', 0.00, '2019-09-20 16:34:56', NULL, 3000, '', 1, 'AgentAlexwest'),
(406, 7, 55, '50000', 6.00, '3000.00', 3, '0.00', 0.00, '2019-09-20 19:07:28', NULL, 3000, '', 1, 'AgentAlexwest'),
(407, 7, 81, '50000', 6.00, '3000.00', 3, '0.00', 0.00, '2019-09-20 20:47:44', NULL, 3000, '', 1, 'Agent1212'),
(408, 12, 82, '50000', 8.00, '4000.00', 3, '0.00', 0.00, '2019-09-20 21:04:45', NULL, 3500, '', 1, 'Anna_odessa'),
(409, 7, 55, '100000', 6.00, '6000.00', 3, '0.00', 0.00, '2019-09-20 22:52:23', NULL, 6000, '', 1, 'AgentAlexwest'),
(410, 7, 57, '400000', 6.00, '24000.00', 3, '0.00', 0.00, '2019-09-21 09:27:13', NULL, 0, '', 1, 'Agent1203'),
(411, 12, 59, '100000', 8.50, '8500.00', 6, '0.00', 0.00, '2019-09-21 13:22:43', NULL, 0, '', 1, 'Makedonskiy'),
(412, 12, 94, '100000', 8.00, '8000.00', 3, '0.00', 0.00, '2019-09-21 13:28:43', NULL, 0, '', 1, '33dnepr33'),
(413, 7, 74, '50000', 7.00, '3500.00', 3, '0.00', 0.00, '2019-09-21 14:58:36', NULL, 3500, '', 1, 'William83'),
(414, 7, 55, '50000', 6.00, '3000.00', 3, '0.00', 0.00, '2019-09-21 16:46:45', NULL, 3000, '', 1, 'AgentAlexwest'),
(415, 1, 76, '1000', 13.00, '130.00', 1, '0.00', 0.00, '2019-09-21 18:47:03', 76, 130, '', 1, 'dwsaf3hetn'),
(416, 8, 65, '300000', 6.00, '18000.00', 6, '600.00', 0.20, '2019-09-21 22:06:56', 65, 0, '', 1, 'Bcplay'),
(417, 7, 82, '50000', 6.00, '3000.00', 3, '0.00', 0.00, '2019-09-22 01:09:58', NULL, 3000, '', 1, 'Anna_odessa'),
(418, 6, 60, '500000', 6.00, '30000.00', 6, '2500.00', 0.50, '2019-09-22 12:10:34', 60, 30000, '', 1, 'Inredmain'),
(419, 4, 60, '100', 6.00, '6.00', 1, '0.00', 0.00, '2019-09-22 13:05:20', 60, 6, '', 1, 'Inredmain'),
(420, 11, 59, '100000', 8.50, '8500.00', 6, '0.00', 0.00, '2019-09-22 13:07:26', NULL, 0, '', 1, 'Polar1'),
(421, 14, 59, '100000', 7.00, '7000.00', 6, '0.00', 0.00, '2019-09-22 13:08:04', NULL, 0, '', 1, '914'),
(422, 7, 82, '50000', 6.00, '3000.00', 3, '0.00', 0.00, '2019-09-22 13:26:22', NULL, 0, '', 1, 'Anna_odessa'),
(423, 7, 55, '50000', 6.00, '3000.00', 3, '0.00', 0.00, '2019-09-22 16:47:22', NULL, 3000, '', 1, 'AgentAlexwest'),
(424, 7, 55, '50000', 6.00, '3000.00', 3, '0.00', 0.00, '2019-09-22 19:05:52', NULL, 3000, '', 1, 'AgentAlexwest'),
(425, 7, 81, '50000', 6.00, '3000.00', 3, '0.00', 0.00, '2019-09-22 20:20:48', NULL, 3000, '', 1, 'Agent1212'),
(426, 7, 88, '50000', 6.00, '3000.00', 3, '0.00', 0.00, '2019-09-22 20:48:39', NULL, 3000, '', 1, 'Kaska6'),
(427, 7, 74, '50000', 7.00, '3500.00', 3, '0.00', 0.00, '2019-09-22 22:23:59', NULL, 3500, '', 1, 'Cashkosv12'),
(428, 7, 68, '400000', 6.50, '26000.00', 3, '1000.00', 0.25, '2019-09-22 23:51:16', 68, 26000, '', 1, 'Vadimrovno'),
(429, 7, 55, '50000', 6.00, '3000.00', 3, '0.00', 0.00, '2019-09-23 11:46:12', NULL, 3000, '', 1, 'AgentAlexwest'),
(430, 7, 62, '50000', 7.00, '3500.00', 3, '0.00', 0.00, '2019-09-23 12:15:48', NULL, 3500, '', 1, 'Gribovka00000'),
(431, 7, 88, '50000', 6.00, '3000.00', 3, '0.00', 0.00, '2019-09-23 12:23:48', NULL, 3000, '', 1, 'Sedymoy'),
(432, 11, 92, '50000', 8.00, '4000.00', 3, '0.00', 0.00, '2019-09-23 15:26:50', NULL, 0, '', 1, 'Alex_oleg'),
(433, 7, 82, '50000', 6.00, '3000.00', 3, '0.00', 0.00, '2019-09-23 16:15:03', NULL, 3000, '', 1, 'Anna_odessa'),
(434, 12, 82, '50000', 8.00, '4000.00', 3, '0.00', 0.00, '2019-09-23 16:15:24', NULL, 4000, '', 1, 'Anna_odessa'),
(435, 14, 57, '50000', 7.00, '3500.00', 3, '0.00', 0.00, '2019-09-23 16:46:49', NULL, 3500, '', 1, '1048'),
(436, 12, 59, '50000', 8.50, '4250.00', 6, '500.00', 1.00, '2019-09-23 18:50:53', 80, 0, '', 1, 'Makedonskiy'),
(437, 8, 57, '350000', 6.00, '21000.00', 3, '3500.00', 1.00, '2019-09-23 19:45:50', 80, 0, '', 1, 'Sima777'),
(438, 18, 76, '10000000', 10.00, '1000000.00', 8, '100000.00', 1.00, '2019-09-24 18:46:46', 78, 1000000, 'dsafsd', 2, 'sdafgg54y3jhe'),
(439, 18, 76, '20000', 10.00, '2000.00', 8, '200.00', 1.00, '2019-09-24 18:48:01', 78, 0, 'dsafsd', 2, 'sdafgg54y3jhe'),
(440, 18, 76, '20000', 10.00, '1980.00', 8, '20.00', 1.00, '2019-09-24 18:49:31', 78, 0, 'dsafsd', 2, 'sdafgg54y3jhe'),
(441, 18, 76, '20000', 10.00, '1980.00', 8, '20.00', 1.00, '2019-09-24 18:49:53', 78, 0, 'dsafsd', 2, 'sdafgg54y3jhe'),
(442, 18, 76, '10000', 10.00, '1000.00', 8, '0.00', 0.00, '2019-09-24 18:50:24', NULL, 1000, 'dsafsd', 2, 'sdafgg54y3jhe'),
(443, 18, 76, '30000', 10.00, '2970.00', 8, '30.00', 1.00, '2019-09-24 18:51:01', 78, 0, 'dsafsd', 2, 'sdafgg54y3jhe'),
(444, 18, 76, '100000', 10.00, '9900.00', 8, '100.00', 1.00, '2019-09-24 18:51:56', 76, 10000, 'dsafsd', 2, 'sdafgg54y3jhe'),
(445, 19, 76, '1000000', 13.00, '128700.00', 8, '1300.00', 1.00, '2019-09-24 18:53:35', 76, 0, '', 1, 'sdf4e6ij5rj5yj'),
(446, 19, 76, '1000000', 13.00, '130000.00', 8, '7800.00', 1.00, '2019-09-24 19:03:25', 76, 0, '', 1, 'sdf4e6ij5rj5yj'),
(447, 19, 76, '1000000', 13.00, '130000.00', 8, '7800.00', 1.00, '2019-09-24 19:04:06', 76, 0, '', 1, 'sdf4e6ij5rj5yj'),
(448, 19, 76, '1000000', 13.00, '130000.00', 8, '78.00', 1.00, '2019-09-24 19:06:00', 76, 0, '', 1, 'sdf4e6ij5rj5yj'),
(449, 19, 76, '1000000', 13.00, '130000.00', 8, '600.00', 1.00, '2019-09-24 19:08:44', 76, 0, '', 1, 'sdf4e6ij5rj5yj'),
(450, 19, 76, '1000000', 13.00, '130000.00', 8, '10000.00', 1.00, '2019-09-24 19:11:53', 76, 0, '', 1, 'sdf4e6ij5rj5yj'),
(451, 19, 76, '1000000', 13.00, '130000.00', 8, '600.00', 1.00, '2019-09-24 19:15:09', 76, 0, '', 1, 'sdf4e6ij5rj5yj'),
(452, 19, 76, '1000000', 13.00, '130000.00', 8, '600.00', 1.00, '2019-09-24 19:18:42', 76, 0, '', 1, 'sdf4e6ij5rj5yj'),
(453, 19, 76, '1000000', 12.00, '120000.00', 8, '20000.00', 2.00, '2019-09-24 19:20:23', 76, 0, '', 1, 'sdf4e6ij5rj5yj'),
(454, 19, 76, '1000000', 17.00, '170000.00', 8, '20000.00', 2.00, '2019-09-24 19:33:22', 78, 0, 'dsfsdasdf', 1, 'sdf4e6ij5rj5yj'),
(455, 18, 95, '100000', 10.00, '10000.00', 8, '0.00', 0.00, '2019-09-28 15:01:33', NULL, 100, 'dsafsdfsd', 1, 'testlogin2.0_-/-23'),
(456, 19, 76, '10000', 13.00, '1300.00', 8, '0.00', 0.00, '2019-09-28 15:05:10', NULL, 100, 'dsfsdasdf', 1, 'sdf4e6ij5rj5yj'),
(457, 18, 78, '10000', 10.00, '1000.00', 8, '100.00', 1.00, '2019-10-01 16:21:32', 76, 0, 'sdfsaf', 1, 'testlogin231'),
(458, 18, 78, '254000', 10.00, '25400.00', 8, '2540.00', 1.00, '2019-10-01 16:22:43', 76, 25400, 'sdfsaf', 1, 'testlogin231');

-- --------------------------------------------------------

--
-- Структура таблицы `outgo`
--

CREATE TABLE `outgo` (
  `outgo_id` int(11) NOT NULL,
  `user_id` int(11) NOT NULL,
  `user_as_owner_id` int(11) DEFAULT NULL,
  `branch_id` int(11) DEFAULT NULL,
  `fiat_id` int(11) DEFAULT '1',
  `outgo_type_id` varchar(11) DEFAULT NULL,
  `date` datetime NOT NULL,
  `sum` decimal(11,2) NOT NULL,
  `description` varchar(100) DEFAULT NULL,
  `project_id` int(11) DEFAULT NULL,
  `vg_data_id` int(11) DEFAULT NULL
) ENGINE=InnoDB DEFAULT CHARSET=utf8;

--
-- Дамп данных таблицы `outgo`
--

INSERT INTO `outgo` (`outgo_id`, `user_id`, `user_as_owner_id`, `branch_id`, `fiat_id`, `outgo_type_id`, `date`, `sum`, `description`, `project_id`, `vg_data_id`) VALUES
(1, 26, 28, NULL, 1, '101', '2019-08-02 15:27:50', '1010.00', 'Аванс', 2, 2),
(2, 26, 28, NULL, 1, NULL, '2019-08-02 15:31:10', '1010.00', '', NULL, 2),
(3, 26, NULL, 9, 1, NULL, '2019-08-04 18:53:30', '100000.00', 'Яношу', NULL, 2),
(4, 31, 30, NULL, 1, '1030000', '2019-08-08 13:30:22', '1000.00', '', 4, 2),
(5, 26, 27, NULL, 1, '101', '2019-08-08 14:50:25', '1500.00', '', NULL, 2),
(6, 26, NULL, 9, 1, NULL, '2019-08-08 14:51:13', '100000.00', 'Яношу', NULL, 2),
(7, 26, NULL, 9, 1, '1020000', '2019-08-08 14:58:05', '2000.00', 'Яд', 2, 2),
(8, 26, 28, NULL, 1, NULL, '2019-08-08 15:29:48', '3000.00', 'Аванс', NULL, 2),
(9, 26, NULL, 9, 1, '1020000', '2019-08-08 22:46:46', '6000.00', 'Супероматик', NULL, 2),
(10, 26, NULL, 9, 1, NULL, '2019-08-13 22:14:52', '80000.00', 'Яношу с карты приват банка', NULL, 2),
(11, 26, NULL, 9, 1, NULL, '2019-08-14 22:14:58', '65000.00', 'Яношу', NULL, 2),
(12, 26, NULL, 9, 1, NULL, '2019-08-14 22:15:21', '100000.00', 'Яношу', NULL, 2),
(13, 26, NULL, 9, 1, '1020000', '2019-08-16 16:12:19', '21173.00', 'Гриша', NULL, 2),
(14, 26, NULL, 9, 1, '10100', '2019-08-17 13:00:37', '4000.00', '', NULL, 2),
(15, 26, NULL, 9, 1, '10101', '2019-08-17 13:00:56', '6500.00', '', NULL, 2),
(16, 26, NULL, 9, 1, NULL, '2019-08-17 13:01:23', '29120.00', 'Саше зп', NULL, 2),
(17, 26, NULL, 9, 1, '1020000', '2019-08-21 15:16:48', '6000.00', 'Супероматик', NULL, 2),
(18, 26, NULL, 9, 1, NULL, '2019-08-24 09:11:46', '110000.00', 'Яношу', NULL, 2),
(19, 26, NULL, 9, 1, NULL, '2019-08-28 22:19:54', '100000.00', 'Яношу', NULL, 2),
(20, 26, NULL, 9, 1, NULL, '2019-08-29 15:52:31', '3000.00', 'Супероматик', NULL, 2),
(21, 26, NULL, 9, 1, NULL, '2019-09-01 16:52:10', '100000.00', 'Яношу', NULL, 2),
(22, 26, NULL, 9, 1, NULL, '2019-09-01 16:52:29', '4000.00', 'Аленка зп', NULL, 2),
(23, 26, NULL, 9, 1, NULL, '2019-09-05 11:42:22', '120000.00', 'Яношу', NULL, 2),
(24, 26, NULL, 9, 1, NULL, '2019-09-06 19:54:27', '40000.00', 'Симпл', NULL, 2),
(25, 26, NULL, 9, 1, '10100', '2019-09-09 21:25:20', '4000.00', '', NULL, 2),
(26, 26, NULL, 9, 1, NULL, '2019-09-09 21:25:55', '130000.00', 'Яношу', NULL, 2),
(27, 26, NULL, 9, 1, '101', '2019-09-10 12:34:35', '2000.00', 'Аванс Саша', NULL, 2),
(28, 26, NULL, NULL, 1, NULL, '2019-09-11 12:30:30', '3000.00', 'Супероматик', NULL, 2),
(29, 26, NULL, 9, 1, '102', '2019-09-19 19:11:55', '7000.00', '', NULL, 2),
(30, 26, NULL, 9, 1, NULL, '2019-09-20 21:05:12', '3000.00', 'Супероматик', NULL, 2),
(31, 26, NULL, 9, 1, NULL, '2019-09-21 13:23:08', '6000.00', 'Супероматик', NULL, 2),
(32, 26, NULL, 9, 1, NULL, '2019-09-21 13:23:31', '20000.00', 'За Саша', NULL, 2),
(33, 26, NULL, NULL, 1, NULL, '2019-09-21 13:29:03', '6000.00', 'Супероматик', NULL, 2),
(34, 26, NULL, 9, 1, NULL, '2019-09-23 15:27:58', '200000.00', 'Яношу', NULL, 2),
(35, 26, NULL, NULL, 1, NULL, '2019-09-23 16:24:20', '3000.00', 'Супероматик', NULL, 2),
(36, 26, NULL, NULL, 1, NULL, '2019-09-23 18:57:55', '3000.00', 'Супероматик', NULL, 2),
(37, 26, NULL, 9, 1, NULL, '2019-09-23 19:13:15', '3000.00', 'Супероматик', NULL, 2),
(38, 2, NULL, NULL, 1, '0', '2019-09-28 14:10:31', '100.00', NULL, NULL, 2),
(39, 31, NULL, NULL, 2, '0', '2019-09-28 14:10:42', '500.00', NULL, NULL, 2),
(40, 31, NULL, NULL, 1, '0', '2019-09-28 14:26:03', '50.00', NULL, NULL, 2),
(41, 31, NULL, NULL, 1, '0', '2019-09-28 14:27:57', '50.00', NULL, NULL, 2),
(42, 31, NULL, NULL, 1, '0', '2019-09-28 14:28:01', '50.00', NULL, NULL, 2),
(43, 31, NULL, NULL, 1, '0', '2019-09-28 14:29:59', '77.77', NULL, NULL, 2),
(44, 31, NULL, NULL, 2, '0', '2019-09-28 14:30:21', '50.00', NULL, NULL, 2),
(45, 31, NULL, NULL, 2, '0', '2019-09-28 14:30:58', '50.00', NULL, NULL, 2),
(46, 31, NULL, 10, 1, NULL, '2019-09-28 15:08:38', '1000.00', 'wefw231231', NULL, 2),
(47, 3, NULL, NULL, 2, '0', '2019-09-29 14:44:09', '1665.60', NULL, NULL, 2),
(48, 3, NULL, NULL, 3, '0', '2019-09-29 14:44:26', '5.00', NULL, NULL, 2),
(49, 3, NULL, NULL, 3, '0', '2019-09-29 14:44:55', '5.00', NULL, NULL, 2),
(50, 3, NULL, NULL, 3, '0', '2019-09-29 14:45:29', '50.00', NULL, NULL, 2),
(51, 3, NULL, NULL, 3, '0', '2019-09-29 14:46:00', '25.00', NULL, NULL, 2),
(52, 3, NULL, NULL, 1, '0', '2019-09-29 15:37:20', '50.00', NULL, NULL, 2),
(53, 31, NULL, NULL, 2, '0', '2019-09-29 15:45:40', '70.00', NULL, NULL, 2),
(54, 31, NULL, NULL, 3, '0', '2019-09-29 15:46:02', '21.00', NULL, NULL, 2),
(55, 31, NULL, NULL, 3, '0', '2019-09-29 15:49:54', '500.00', NULL, NULL, 2),
(56, 31, NULL, NULL, 3, '0', '2019-09-29 15:50:05', '5.50', NULL, NULL, 2),
(65, 31, NULL, NULL, 1, '0', '2019-09-30 16:47:03', '50.00', NULL, NULL, 2),
(66, 31, NULL, NULL, 2, '0', '2019-09-30 18:04:20', '50.00', NULL, NULL, 2),
(67, 31, NULL, NULL, 3, '0', '2019-09-30 18:20:21', '50.00', NULL, NULL, 2),
(68, 31, NULL, 10, 1, '0', '2019-09-30 21:30:29', '40.00', NULL, NULL, 2),
(69, 31, NULL, 10, 2, '0', '2019-09-30 21:31:03', '1615.75', NULL, NULL, 2),
(72, 31, NULL, 10, 3, '0', '2019-09-30 22:14:44', '5.00', NULL, NULL, 6),
(73, 31, NULL, 10, 3, '0', '2019-09-30 22:15:44', '500.00', NULL, NULL, 4),
(86, 31, NULL, 10, 1, '0', '2019-10-01 14:12:47', '70.00', NULL, NULL, 18),
(87, 31, NULL, 10, 1, '0', '2019-10-01 14:13:19', '500.00', NULL, NULL, 18),
(88, 31, NULL, 10, 2, '0', '2019-10-01 14:45:50', '50.00', NULL, NULL, 18),
(89, 31, NULL, 10, 3, '0', '2019-10-01 14:46:09', '303.00', NULL, NULL, 19),
(90, 31, NULL, 10, 3, '0', '2019-10-01 15:07:14', '100.00', NULL, NULL, 18),
(91, 31, NULL, 10, 1, '0', '2019-10-01 15:43:54', '50.00', NULL, NULL, 20);

-- --------------------------------------------------------

--
-- Структура таблицы `outgoes_processing_reports`
--

CREATE TABLE `outgoes_processing_reports` (
  `outgoes_processing_report_id` int(11) NOT NULL,
  `outgoes_processing_report_date` datetime NOT NULL DEFAULT CURRENT_TIMESTAMP,
  `outgo_type_id` varchar(200) NOT NULL,
  `method_id` int(11) NOT NULL,
  `fiat_id` int(11) NOT NULL,
  `outgo_processing_report_sum` decimal(15,2) NOT NULL
) ENGINE=InnoDB DEFAULT CHARSET=utf8;

-- --------------------------------------------------------

--
-- Структура таблицы `outgo_types`
--

CREATE TABLE `outgo_types` (
  `outgo_type_id` varchar(11) NOT NULL,
  `outgo_name` varchar(40) NOT NULL,
  `branch_id` int(11) NOT NULL,
  `active` tinyint(1) NOT NULL DEFAULT '1'
) ENGINE=InnoDB DEFAULT CHARSET=utf8;

--
-- Дамп данных таблицы `outgo_types`
--

INSERT INTO `outgo_types` (`outgo_type_id`, `outgo_name`, `branch_id`, `active`) VALUES
('0', 'Закупка VG', 1, 1),
('1', 'root_type', 1, 1),
('100', 'test', 1, 0),
('101', 'Сотрудники', 9, 1),
('10100', 'Диана', 9, 1),
('10101', 'Алена', 9, 1),
('10102', 'Телефон и связь', 9, 1),
('102', 'IT', 9, 1),
('10200', 'Новый юнити проект', 9, 1),
('1020000', 'Юнити прогеры', 9, 1),
('10201', 'Гриша', 9, 1),
('103', 'IT', 10, 1),
('10300', 'Computers', 10, 1),
('1030000', 'PC', 10, 1),
('104', 'treqweq', 3, 1);

-- --------------------------------------------------------

--
-- Структура таблицы `outgo_types_relative`
--

CREATE TABLE `outgo_types_relative` (
  `parent_id` varchar(11) NOT NULL,
  `son_id` varchar(11) NOT NULL
) ENGINE=InnoDB DEFAULT CHARSET=utf8;

--
-- Дамп данных таблицы `outgo_types_relative`
--

INSERT INTO `outgo_types_relative` (`parent_id`, `son_id`) VALUES
('1', '100'),
('1', '101'),
('101', '10100'),
('101', '10101'),
('101', '10102'),
('1', '102'),
('102', '10200'),
('10200', '1020000'),
('102', '10201'),
('1', '103'),
('103', '10300'),
('10300', '1030000'),
('1', '104');

-- --------------------------------------------------------

--
-- Структура таблицы `payments`
--

CREATE TABLE `payments` (
  `payment_id` int(11) NOT NULL,
  `fiat_id` int(11) NOT NULL,
  `sum` decimal(15,2) NOT NULL,
  `client_rollback_id` int(11) DEFAULT NULL,
  `client_debt_id` int(11) DEFAULT NULL,
  `branch_id` int(11) DEFAULT NULL,
  `vg_data_debt_id` int(11) DEFAULT NULL,
  `method_id` int(11) DEFAULT NULL
) ENGINE=InnoDB DEFAULT CHARSET=utf8;

--
-- Дамп данных таблицы `payments`
--

INSERT INTO `payments` (`payment_id`, `fiat_id`, `sum`, `client_rollback_id`, `client_debt_id`, `branch_id`, `vg_data_debt_id`, `method_id`) VALUES
(4, 1, '1364416.68', NULL, NULL, 10, NULL, NULL),
(5, 1, '12000.00', NULL, 55, NULL, NULL, NULL),
(6, 1, '-3500.00', NULL, 77, NULL, NULL, NULL),
(7, 1, '1106761.17', NULL, NULL, 9, NULL, NULL),
(8, 2, '1011000.00', NULL, 76, NULL, NULL, NULL),
(9, 2, '1128056.14', NULL, NULL, 10, NULL, NULL),
(10, 1, '0.00', NULL, 75, NULL, NULL, NULL),
(11, 1, '0.00', NULL, 66, NULL, NULL, NULL),
(12, 1, '0.00', NULL, 68, NULL, NULL, NULL),
(13, 1, '1000.00', 68, NULL, NULL, NULL, NULL),
(14, 1, '230.00', NULL, 76, NULL, NULL, NULL),
(15, 2, '109.00', 76, NULL, NULL, NULL, NULL),
(16, 1, '1500.00', NULL, 56, NULL, NULL, NULL),
(17, 1, '0.00', 56, NULL, NULL, NULL, NULL),
(18, 1, '0.00', NULL, 60, NULL, NULL, NULL),
(19, 1, '2500.00', 60, NULL, NULL, NULL, NULL),
(20, 1, '0.00', NULL, 59, NULL, NULL, NULL),
(21, 1, '0.00', 80, NULL, NULL, NULL, NULL),
(22, 1, '0.00', NULL, 81, NULL, NULL, NULL),
(23, 1, '7000.00', NULL, 82, NULL, NULL, NULL),
(24, 1, '0.00', NULL, 79, NULL, NULL, NULL),
(25, 1, '3500.00', NULL, 62, NULL, NULL, NULL),
(26, 1, '7500.00', 65, NULL, NULL, NULL, NULL),
(27, 1, '0.00', NULL, 57, NULL, NULL, NULL),
(28, 1, '0.00', NULL, 69, NULL, NULL, NULL),
(29, 1, '0.00', NULL, 64, NULL, NULL, NULL),
(30, 1, '0.00', NULL, 73, NULL, NULL, NULL),
(31, 1, '0.00', NULL, 70, NULL, NULL, NULL),
(32, 1, '0.00', NULL, 83, NULL, NULL, NULL),
(33, 1, '0.00', NULL, 74, NULL, NULL, NULL),
(34, 1, '0.00', NULL, 63, NULL, NULL, NULL),
(35, 1, '0.00', NULL, 61, NULL, NULL, NULL),
(36, 1, '0.00', NULL, 71, NULL, NULL, NULL),
(37, 1, '0.00', NULL, 67, NULL, NULL, NULL),
(38, 1, '0.00', NULL, 84, NULL, NULL, NULL),
(39, 1, '-332700.00', NULL, 78, NULL, NULL, NULL),
(40, 1, '0.00', NULL, 87, NULL, NULL, NULL),
(41, 2, '800.00', NULL, NULL, 9, NULL, NULL),
(42, 1, '0.00', NULL, 90, NULL, NULL, NULL),
(43, 1, '0.00', NULL, 88, NULL, NULL, NULL),
(44, 1, '0.00', NULL, 92, NULL, NULL, NULL),
(45, 2, '100270.00', 78, NULL, NULL, NULL, NULL),
(46, 1, '41368.00', 76, NULL, NULL, NULL, NULL),
(47, 1, '10000.00', 78, NULL, NULL, NULL, NULL),
(48, 1, '100.00', NULL, 95, NULL, NULL, NULL),
(49, 3, '-1515.00', NULL, NULL, 10, NULL, NULL),
(50, 3, '1000.70', NULL, NULL, NULL, 19, NULL),
(51, 1, '2038.00', NULL, NULL, NULL, 19, NULL),
(52, 1, '500.00', NULL, NULL, NULL, 18, NULL),
(53, 2, '200.00', NULL, NULL, NULL, 18, NULL),
(54, 3, '670.00', NULL, NULL, NULL, 18, NULL),
(55, 2, '0.00', NULL, NULL, NULL, 19, NULL),
(56, 1, '350.00', NULL, NULL, NULL, 20, NULL);

-- --------------------------------------------------------

--
-- Структура таблицы `projects`
--

CREATE TABLE `projects` (
  `project_id` int(11) NOT NULL,
  `project_name` varchar(40) NOT NULL,
  `branch_id` int(11) NOT NULL,
  `active` tinyint(1) NOT NULL DEFAULT '1'
) ENGINE=InnoDB DEFAULT CHARSET=utf8;

--
-- Дамп данных таблицы `projects`
--

INSERT INTO `projects` (`project_id`, `project_name`, `branch_id`, `active`) VALUES
(2, 'Юнити суперпроект', 9, 1),
(3, 'Test', 10, 1),
(4, 'Test 2', 10, 1);

-- --------------------------------------------------------

--
-- Структура таблицы `report_shares`
--

CREATE TABLE `report_shares` (
  `report_share_id` int(11) NOT NULL,
  `user_id` int(11) NOT NULL,
  `sum_currency` int(20) NOT NULL
) ENGINE=InnoDB DEFAULT CHARSET=utf8;

-- --------------------------------------------------------

--
-- Структура таблицы `rollback_paying`
--

CREATE TABLE `rollback_paying` (
  `rollack_paying_id` int(11) NOT NULL,
  `user_id` int(11) NOT NULL,
  `client_id` int(11) NOT NULL,
  `rollback_sum` decimal(10,2) NOT NULL,
  `date` datetime NOT NULL,
  `fiat_id` int(11) NOT NULL DEFAULT '1'
) ENGINE=InnoDB DEFAULT CHARSET=cp1251;

--
-- Дамп данных таблицы `rollback_paying`
--

INSERT INTO `rollback_paying` (`rollack_paying_id`, `user_id`, `client_id`, `rollback_sum`, `date`, `fiat_id`) VALUES
(1, 28, 68, '130.00', '2019-08-08 14:31:42', 1),
(2, 26, 60, '1000.00', '2019-08-08 14:55:24', 1),
(3, 26, 56, '250.00', '2019-08-08 14:55:44', 1),
(4, 26, 60, '1000.00', '2019-08-08 14:57:08', 1),
(5, 31, 76, '2.11', '2019-08-08 15:20:02', 2),
(6, 31, 76, '3.00', '2019-08-08 15:22:22', 1),
(7, 26, 60, '4000.00', '2019-08-17 10:11:32', 1),
(8, 26, 80, '850.00', '2019-08-17 10:11:58', 1),
(9, 26, 68, '1000.00', '2019-08-24 09:12:07', 1),
(10, 26, 80, '250.00', '2019-08-24 09:12:17', 1),
(11, 26, 60, '7500.00', '2019-08-24 09:12:45', 1),
(12, 26, 80, '500.00', '2019-09-02 16:23:52', 1),
(13, 26, 80, '2000.00', '2019-09-16 16:42:40', 1),
(14, 26, 80, '750.00', '2019-09-16 20:55:09', 1),
(15, 26, 68, '1000.00', '2019-09-16 20:56:00', 1),
(16, 26, 60, '10000.00', '2019-09-16 21:01:33', 1),
(17, 26, 80, '500.00', '2019-09-21 13:23:54', 1),
(18, 26, 60, '7500.00', '2019-09-21 13:24:12', 1);

-- --------------------------------------------------------

--
-- Структура таблицы `shares`
--

CREATE TABLE `shares` (
  `shares_id` int(11) NOT NULL,
  `order_id` int(11) NOT NULL,
  `user_as_owner_id` int(11) NOT NULL,
  `sum` decimal(15,2) NOT NULL,
  `share_percent` decimal(15,2) NOT NULL DEFAULT '0.00'
) ENGINE=InnoDB DEFAULT CHARSET=utf8;

--
-- Дамп данных таблицы `shares`
--

INSERT INTO `shares` (`shares_id`, `order_id`, `user_as_owner_id`, `sum`, `share_percent`) VALUES
(1, 21, 30, '5.00', '100.00'),
(2, 22, 27, '250.00', '50.00'),
(3, 22, 28, '250.00', '50.00'),
(4, 23, 27, '250.00', '50.00'),
(5, 23, 28, '250.00', '50.00'),
(6, 24, 27, '1750.00', '50.00'),
(7, 24, 28, '1750.00', '50.00'),
(8, 25, 30, '561606.55', '100.00'),
(9, 41, 27, '12312.31', '50.00'),
(10, 41, 28, '12312.31', '50.00'),
(11, 42, 28, '1000.00', '100.00'),
(12, 43, 27, '1750.00', '50.00'),
(13, 43, 28, '1750.00', '50.00'),
(14, 44, 27, '1750.00', '50.00'),
(15, 44, 28, '1750.00', '50.00'),
(16, 45, 27, '1750.00', '50.00'),
(17, 45, 28, '1750.00', '50.00'),
(18, 46, 27, '1750.00', '50.00'),
(19, 46, 28, '1750.00', '50.00'),
(20, 47, 27, '1750.00', '50.00'),
(21, 47, 28, '1750.00', '50.00'),
(22, 48, 27, '1750.00', '50.00'),
(23, 48, 28, '1750.00', '50.00'),
(24, 49, 27, '1750.00', '50.00'),
(25, 49, 28, '1750.00', '50.00'),
(26, 50, 27, '1750.00', '50.00'),
(27, 50, 28, '1750.00', '50.00'),
(28, 51, 27, '1750.00', '50.00'),
(29, 51, 28, '1750.00', '50.00'),
(30, 52, 27, '1750.00', '50.00'),
(31, 52, 28, '1750.00', '50.00'),
(32, 53, 27, '1750.00', '50.00'),
(33, 53, 28, '1750.00', '50.00'),
(34, 54, 27, '250.00', '50.00'),
(35, 54, 28, '250.00', '50.00'),
(36, 55, 27, '250.00', '50.00'),
(37, 55, 28, '250.00', '50.00'),
(38, 56, 27, '250.00', '50.00'),
(39, 56, 28, '250.00', '50.00'),
(40, 57, 27, '50.00', '50.00'),
(41, 57, 28, '50.00', '50.00'),
(42, 58, 27, '0.50', '50.00'),
(43, 58, 28, '0.50', '50.00'),
(44, 59, 27, '50.00', '50.00'),
(45, 59, 28, '50.00', '50.00'),
(46, 60, 27, '1750.00', '50.00'),
(47, 60, 28, '1750.00', '50.00'),
(48, 61, 27, '2000.00', '50.00'),
(49, 61, 28, '2000.00', '50.00'),
(50, 62, 27, '1750.00', '50.00'),
(51, 62, 28, '1750.00', '50.00'),
(54, 63, 27, '2500.00', '50.00'),
(55, 63, 28, '2500.00', '50.00'),
(56, 64, 27, '250.00', '50.00'),
(57, 64, 28, '250.00', '50.00'),
(58, 66, 30, '4060.03', '100.00'),
(59, 67, 30, '44.44', '100.00'),
(60, 68, 30, '55.55', '100.00'),
(61, 69, 27, '375.00', '50.00'),
(62, 69, 28, '375.00', '50.00'),
(63, 70, 28, '500.00', '100.00'),
(65, 71, 28, '500.00', '100.00'),
(66, 72, 27, '1750.00', '50.00'),
(67, 72, 28, '1750.00', '50.00'),
(68, 73, 28, '1000.00', '100.00'),
(69, 74, 27, '625.00', '50.00'),
(70, 74, 28, '625.00', '50.00'),
(71, 75, 27, '375.00', '50.00'),
(72, 75, 28, '375.00', '50.00'),
(73, 76, 27, '375.00', '50.00'),
(74, 76, 28, '375.00', '50.00'),
(77, 77, 27, '0.00', '50.00'),
(78, 77, 28, '0.00', '50.00'),
(79, 78, 28, '500.00', '100.00'),
(80, 79, 27, '500.00', '50.00'),
(81, 79, 28, '500.00', '50.00'),
(82, 80, 27, '1000.00', '50.00'),
(83, 80, 28, '1000.00', '50.00'),
(84, 81, 27, '3250.00', '50.00'),
(85, 81, 28, '3250.00', '50.00'),
(86, 82, 27, '250.00', '50.00'),
(87, 82, 28, '250.00', '50.00'),
(88, 83, 27, '1750.00', '50.00'),
(89, 83, 28, '1750.00', '50.00'),
(90, 84, 27, '150.00', '50.00'),
(91, 84, 28, '150.00', '50.00'),
(92, 85, 27, '250.00', '50.00'),
(93, 85, 28, '250.00', '50.00'),
(94, 86, 27, '1500.00', '50.00'),
(95, 86, 28, '1500.00', '50.00'),
(96, 87, 27, '250.00', '50.00'),
(97, 87, 28, '250.00', '50.00'),
(98, 88, 27, '1000.00', '50.00'),
(99, 88, 28, '1000.00', '50.00'),
(100, 89, 27, '1000.00', '50.00'),
(101, 89, 28, '1000.00', '50.00'),
(102, 90, 27, '1000.00', '50.00'),
(103, 90, 28, '1000.00', '50.00'),
(104, 91, 27, '1000.00', '50.00'),
(105, 91, 28, '1000.00', '50.00'),
(106, 92, 27, '1000.00', '50.00'),
(107, 92, 28, '1000.00', '50.00'),
(108, 93, 27, '2000.00', '50.00'),
(109, 93, 28, '2000.00', '50.00'),
(110, 94, 27, '250.00', '50.00'),
(111, 94, 28, '250.00', '50.00'),
(112, 95, 28, '2500.00', '100.00'),
(113, 96, 27, '3000.00', '50.00'),
(114, 96, 28, '3000.00', '50.00'),
(115, 97, 28, '1000.00', '100.00'),
(116, 98, 27, '250.00', '50.00'),
(117, 98, 28, '250.00', '50.00'),
(118, 99, 28, '500.00', '100.00'),
(119, 100, 27, '350.00', '50.00'),
(120, 100, 28, '350.00', '50.00'),
(121, 101, 27, '2600.00', '50.00'),
(122, 101, 28, '2600.00', '50.00'),
(123, 102, 27, '300.00', '50.00'),
(124, 102, 28, '300.00', '50.00'),
(129, 103, 27, '-200.00', '50.00'),
(130, 103, 28, '-200.00', '50.00'),
(131, 104, 27, '2450.00', '50.00'),
(132, 104, 28, '2450.00', '50.00'),
(133, 105, 27, '500.00', '50.00'),
(134, 105, 28, '500.00', '50.00'),
(135, 106, 27, '250.00', '50.00'),
(136, 106, 28, '250.00', '50.00'),
(137, 107, 28, '500.00', '100.00'),
(138, 108, 27, '1000.00', '50.00'),
(139, 108, 28, '1000.00', '50.00'),
(140, 109, 27, '400.00', '50.00'),
(141, 109, 28, '400.00', '50.00'),
(142, 110, 27, '400.00', '50.00'),
(143, 110, 28, '400.00', '50.00'),
(144, 111, 27, '0.50', '50.00'),
(145, 111, 28, '0.50', '50.00'),
(146, 112, 28, '1500.00', '100.00'),
(149, 113, 27, '6500.00', '50.00'),
(150, 113, 28, '6500.00', '50.00'),
(151, 114, 27, '1750.00', '50.00'),
(152, 114, 28, '1750.00', '50.00'),
(153, 115, 28, '2500.00', '100.00'),
(154, 116, 27, '500.00', '50.00'),
(155, 116, 28, '500.00', '50.00'),
(156, 117, 27, '250.00', '50.00'),
(157, 117, 28, '250.00', '50.00'),
(158, 118, 27, '4000.00', '50.00'),
(159, 118, 28, '4000.00', '50.00'),
(161, 119, 28, '6000.00', '100.00'),
(162, 120, 27, '500.00', '50.00'),
(163, 120, 28, '500.00', '50.00'),
(164, 121, 27, '0.00', '50.00'),
(165, 121, 28, '0.00', '50.00'),
(168, 123, 28, '500.00', '100.00'),
(173, 122, 27, '3400.00', '50.00'),
(174, 122, 28, '3400.00', '50.00'),
(175, 124, 28, '1000.00', '100.00'),
(176, 125, 27, '250.00', '50.00'),
(177, 125, 28, '250.00', '50.00'),
(178, 126, 27, '500.00', '50.00'),
(179, 126, 28, '500.00', '50.00'),
(180, 127, 28, '500.00', '100.00'),
(181, 128, 27, '1750.00', '50.00'),
(182, 128, 28, '1750.00', '50.00'),
(183, 129, 27, '250.00', '50.00'),
(184, 129, 28, '250.00', '50.00'),
(185, 130, 27, '250.00', '50.00'),
(186, 130, 28, '250.00', '50.00'),
(187, 131, 27, '250.00', '50.00'),
(188, 131, 28, '250.00', '50.00'),
(189, 132, 27, '1750.00', '50.00'),
(190, 132, 28, '1750.00', '50.00'),
(191, 133, 27, '2000.00', '50.00'),
(192, 133, 28, '2000.00', '50.00'),
(193, 134, 28, '500.00', '100.00'),
(194, 135, 27, '1000.00', '50.00'),
(195, 135, 28, '1000.00', '50.00'),
(196, 136, 27, '1000.00', '50.00'),
(197, 136, 28, '1000.00', '50.00'),
(198, 137, 28, '5000.00', '100.00'),
(201, 138, 28, '6000.00', '100.00'),
(202, 139, 27, '1750.00', '50.00'),
(203, 139, 28, '1750.00', '50.00'),
(204, 140, 27, '250.00', '50.00'),
(205, 140, 28, '250.00', '50.00'),
(208, 141, 28, '0.00', '100.00'),
(209, 142, 27, '2450.00', '50.00'),
(210, 142, 28, '2450.00', '50.00'),
(211, 143, 27, '250.00', '50.00'),
(212, 143, 28, '250.00', '50.00'),
(213, 144, 28, '500.00', '100.00'),
(214, 145, 27, '4000.00', '50.00'),
(215, 145, 28, '4000.00', '50.00'),
(216, 146, 28, '500.00', '100.00'),
(217, 147, 27, '500.00', '50.00'),
(218, 147, 28, '500.00', '50.00'),
(219, 148, 27, '400.00', '50.00'),
(220, 148, 28, '400.00', '50.00'),
(221, 149, 27, '500.00', '50.00'),
(222, 149, 28, '500.00', '50.00'),
(223, 150, 27, '1500.00', '50.00'),
(224, 150, 28, '1500.00', '50.00'),
(225, 151, 28, '1000.00', '100.00'),
(232, 153, 28, '5000.00', '100.00'),
(233, 154, 27, '1000.00', '50.00'),
(234, 154, 28, '1000.00', '50.00'),
(235, 155, 27, '1000.00', '50.00'),
(236, 155, 28, '1000.00', '50.00'),
(237, 156, 27, '200.00', '50.00'),
(238, 156, 28, '200.00', '50.00'),
(239, 157, 27, '600.00', '50.00'),
(240, 157, 28, '600.00', '50.00'),
(241, 158, 27, '250.00', '50.00'),
(242, 158, 28, '250.00', '50.00'),
(243, 159, 27, '500.00', '50.00'),
(244, 159, 28, '500.00', '50.00'),
(245, 160, 27, '500.00', '50.00'),
(246, 160, 28, '500.00', '50.00'),
(247, 161, 27, '500.00', '50.00'),
(248, 161, 28, '500.00', '50.00'),
(249, 162, 28, '1000.00', '100.00'),
(250, 163, 27, '1750.00', '50.00'),
(251, 163, 28, '1750.00', '50.00'),
(252, 164, 27, '500.00', '50.00'),
(253, 164, 28, '500.00', '50.00'),
(254, 165, 27, '1000.00', '50.00'),
(255, 165, 28, '1000.00', '50.00'),
(256, 166, 27, '1000.00', '50.00'),
(257, 166, 28, '1000.00', '50.00'),
(258, 167, 27, '1750.00', '50.00'),
(259, 167, 28, '1750.00', '50.00'),
(260, 168, 27, '1000.00', '50.00'),
(261, 168, 28, '1000.00', '50.00'),
(262, 169, 28, '2500.00', '100.00'),
(263, 152, 27, '800.00', '50.00'),
(264, 152, 28, '800.00', '50.00'),
(265, 170, 27, '250.00', '50.00'),
(266, 170, 28, '250.00', '50.00'),
(267, 171, 27, '250.00', '50.00'),
(268, 171, 28, '250.00', '50.00'),
(269, 172, 27, '500.00', '50.00'),
(270, 172, 28, '500.00', '50.00'),
(271, 173, 27, '625.00', '50.00'),
(272, 173, 28, '625.00', '50.00'),
(273, 174, 30, '6000.00', '100.00'),
(274, 175, 28, '500.00', '100.00'),
(275, 176, 28, '1000.00', '100.00'),
(276, 177, 27, '375.00', '50.00'),
(277, 177, 28, '375.00', '50.00'),
(278, 178, 27, '2500.00', '50.00'),
(279, 178, 28, '2500.00', '50.00'),
(280, 179, 28, '1000.00', '100.00'),
(281, 180, 27, '250.00', '50.00'),
(282, 180, 28, '250.00', '50.00'),
(283, 181, 27, '650.00', '50.00'),
(284, 181, 28, '650.00', '50.00'),
(285, 182, 27, '4000.00', '50.00'),
(286, 182, 28, '4000.00', '50.00'),
(287, 183, 27, '1950.00', '50.00'),
(288, 183, 28, '1950.00', '50.00'),
(291, 185, 27, '500.00', '50.00'),
(292, 185, 28, '500.00', '50.00'),
(293, 186, 28, '5000.00', '100.00'),
(294, 187, 27, '4000.00', '50.00'),
(295, 187, 28, '4000.00', '50.00'),
(298, 188, 27, '250.00', '50.00'),
(299, 188, 28, '250.00', '50.00'),
(300, 189, 27, '250.00', '50.00'),
(301, 189, 28, '250.00', '50.00'),
(302, 190, 27, '250.00', '50.00'),
(303, 190, 28, '250.00', '50.00'),
(304, 191, 27, '1250.00', '50.00'),
(305, 191, 28, '1250.00', '50.00'),
(306, 192, 28, '500.00', '100.00'),
(307, 193, 27, '800.00', '50.00'),
(308, 193, 28, '800.00', '50.00'),
(309, 194, 27, '500.00', '50.00'),
(310, 194, 28, '500.00', '50.00'),
(311, 195, 27, '1000.00', '50.00'),
(312, 195, 28, '1000.00', '50.00'),
(313, 196, 27, '500.00', '50.00'),
(314, 196, 28, '500.00', '50.00'),
(315, 197, 27, '250.00', '50.00'),
(316, 197, 28, '250.00', '50.00'),
(317, 198, 27, '500.00', '50.00'),
(318, 198, 28, '500.00', '50.00'),
(319, 199, 27, '1000.00', '50.00'),
(320, 199, 28, '1000.00', '50.00'),
(321, 200, 28, '500.00', '100.00'),
(322, 201, 27, '600.00', '50.00'),
(323, 201, 28, '600.00', '50.00'),
(324, 202, 27, '250.00', '50.00'),
(325, 202, 28, '250.00', '50.00'),
(327, 203, 28, '2500.00', '100.00'),
(328, 204, 27, '1750.00', '50.00'),
(329, 204, 28, '1750.00', '50.00'),
(330, 205, 27, '3500.00', '50.00'),
(331, 205, 28, '3500.00', '50.00'),
(334, 206, 28, '500.00', '100.00'),
(335, 207, 27, '375.00', '50.00'),
(336, 207, 28, '375.00', '50.00'),
(337, 208, 27, '250.00', '50.00'),
(338, 208, 28, '250.00', '50.00'),
(339, 209, 27, '1000.00', '50.00'),
(340, 209, 28, '1000.00', '50.00'),
(341, 210, 27, '1000.00', '50.00'),
(342, 210, 28, '1000.00', '50.00'),
(343, 211, 27, '375.00', '50.00'),
(344, 211, 28, '375.00', '50.00'),
(347, 212, 28, '1000.00', '100.00'),
(348, 213, 28, '1000.00', '100.00'),
(349, 214, 28, '2500.00', '100.00'),
(350, 215, 27, '1500.00', '50.00'),
(351, 215, 28, '1500.00', '50.00'),
(352, 216, 28, '5000.00', '100.00'),
(353, 217, 27, '1000.00', '50.00'),
(354, 217, 28, '1000.00', '50.00'),
(355, 218, 27, '500.00', '50.00'),
(356, 218, 28, '500.00', '50.00'),
(357, 219, 27, '800.00', '50.00'),
(358, 219, 28, '800.00', '50.00'),
(359, 220, 27, '750.00', '50.00'),
(360, 220, 28, '750.00', '50.00'),
(361, 221, 28, '500.00', '100.00'),
(362, 222, 27, '250.00', '50.00'),
(363, 222, 28, '250.00', '50.00'),
(364, 223, 27, '1750.00', '50.00'),
(365, 223, 28, '1750.00', '50.00'),
(366, 224, 27, '250.00', '50.00'),
(367, 224, 28, '250.00', '50.00'),
(368, 225, 27, '625.00', '50.00'),
(369, 225, 28, '625.00', '50.00'),
(370, 226, 27, '500.00', '50.00'),
(371, 226, 28, '500.00', '50.00'),
(372, 227, 28, '1500.00', '100.00'),
(373, 228, 28, '1000.00', '100.00'),
(375, 229, 28, '2500.00', '100.00'),
(376, 230, 27, '250.00', '50.00'),
(377, 230, 28, '250.00', '50.00'),
(378, 231, 27, '1750.00', '50.00'),
(379, 231, 28, '1750.00', '50.00'),
(380, 232, 28, '1000.00', '100.00'),
(381, 233, 27, '2000.00', '50.00'),
(382, 233, 28, '2000.00', '50.00'),
(383, 234, 27, '1000.00', '50.00'),
(384, 234, 28, '1000.00', '50.00'),
(387, 235, 28, '2000.00', '100.00'),
(388, 236, 28, '500.00', '100.00'),
(389, 237, 27, '500.00', '50.00'),
(390, 237, 28, '500.00', '50.00'),
(391, 238, 27, '500.00', '50.00'),
(392, 238, 28, '500.00', '50.00'),
(393, 239, 27, '250.00', '50.00'),
(394, 239, 28, '250.00', '50.00'),
(395, 240, 27, '250.00', '50.00'),
(396, 240, 28, '250.00', '50.00'),
(397, 241, 28, '1000.00', '100.00'),
(398, 242, 27, '500.00', '50.00'),
(399, 242, 28, '500.00', '50.00'),
(400, 243, 27, '250.00', '50.00'),
(401, 243, 28, '250.00', '50.00'),
(402, 244, 27, '1000.00', '50.00'),
(403, 244, 28, '1000.00', '50.00'),
(404, 245, 27, '250.00', '50.00'),
(405, 245, 28, '250.00', '50.00'),
(406, 246, 28, '5000.00', '100.00'),
(409, 248, 27, '500.00', '50.00'),
(410, 248, 28, '500.00', '50.00'),
(411, 249, 27, '1000.00', '50.00'),
(412, 249, 28, '1000.00', '50.00'),
(413, 250, 27, '250.00', '50.00'),
(414, 250, 28, '250.00', '50.00'),
(415, 247, 27, '400.00', '50.00'),
(416, 247, 28, '400.00', '50.00'),
(417, 251, 27, '500.00', '50.00'),
(418, 251, 28, '500.00', '50.00'),
(419, 252, 27, '1500.00', '50.00'),
(420, 252, 28, '1500.00', '50.00'),
(421, 253, 27, '4000.00', '50.00'),
(422, 253, 28, '4000.00', '50.00'),
(423, 254, 27, '800.00', '50.00'),
(424, 254, 28, '800.00', '50.00'),
(427, 256, 27, '250.00', '50.00'),
(428, 256, 28, '250.00', '50.00'),
(429, 255, 28, '1000.00', '100.00'),
(430, 257, 28, '2500.00', '100.00'),
(431, 258, 27, '375.00', '50.00'),
(432, 258, 28, '375.00', '50.00'),
(433, 259, 27, '250.00', '50.00'),
(434, 259, 28, '250.00', '50.00'),
(435, 260, 27, '500.00', '50.00'),
(436, 260, 28, '500.00', '50.00'),
(437, 261, 28, '1000.00', '100.00'),
(438, 262, 28, '1000.00', '100.00'),
(439, 263, 27, '750.00', '50.00'),
(440, 263, 28, '750.00', '50.00'),
(441, 264, 27, '250.00', '50.00'),
(442, 264, 28, '250.00', '50.00'),
(443, 265, 27, '1625.00', '50.00'),
(444, 265, 28, '1625.00', '50.00'),
(445, 266, 27, '1750.00', '50.00'),
(446, 266, 28, '1750.00', '50.00'),
(447, 267, 27, '1750.00', '50.00'),
(448, 267, 28, '1750.00', '50.00'),
(449, 268, 27, '500.00', '50.00'),
(450, 268, 28, '500.00', '50.00'),
(451, 269, 27, '1750.00', '50.00'),
(452, 269, 28, '1750.00', '50.00'),
(453, 270, 27, '1000.00', '50.00'),
(454, 270, 28, '1000.00', '50.00'),
(455, 271, 28, '1000.00', '100.00'),
(456, 272, 27, '1000.00', '50.00'),
(457, 272, 28, '1000.00', '50.00'),
(458, 273, 27, '500.00', '50.00'),
(459, 273, 28, '500.00', '50.00'),
(460, 274, 27, '500.00', '50.00'),
(461, 274, 28, '500.00', '50.00'),
(462, 275, 27, '2000.00', '50.00'),
(463, 275, 28, '2000.00', '50.00'),
(464, 276, 27, '1750.00', '50.00'),
(465, 276, 28, '1750.00', '50.00'),
(466, 277, 27, '1250.00', '50.00'),
(467, 277, 28, '1250.00', '50.00'),
(468, 278, 27, '500.00', '50.00'),
(469, 278, 28, '500.00', '50.00'),
(472, 279, 27, '3750.00', '50.00'),
(473, 279, 28, '3750.00', '50.00'),
(474, 280, 28, '2500.00', '100.00'),
(475, 283, 27, '0.00', '50.00'),
(476, 283, 28, '0.00', '50.00'),
(477, 284, 27, '1750.00', '50.00'),
(478, 284, 28, '1750.00', '50.00'),
(479, 285, 27, '250.00', '50.00'),
(480, 285, 28, '250.00', '50.00'),
(481, 286, 27, '1625.00', '50.00'),
(482, 286, 28, '1625.00', '50.00'),
(483, 287, 27, '500.00', '50.00'),
(484, 287, 28, '500.00', '50.00'),
(485, 288, 27, '500.00', '50.00'),
(486, 288, 28, '500.00', '50.00'),
(487, 289, 27, '250.00', '50.00'),
(488, 289, 28, '250.00', '50.00'),
(489, 290, 27, '250.00', '50.00'),
(490, 290, 28, '250.00', '50.00'),
(491, 291, 27, '750.00', '50.00'),
(492, 291, 28, '750.00', '50.00'),
(493, 292, 27, '1750.00', '50.00'),
(494, 292, 28, '1750.00', '50.00'),
(495, 293, 27, '250.00', '50.00'),
(496, 293, 28, '250.00', '50.00'),
(497, 294, 27, '300.00', '50.00'),
(498, 294, 28, '300.00', '50.00'),
(501, 296, 27, '250.00', '50.00'),
(502, 296, 28, '250.00', '50.00'),
(503, 297, 27, '250.00', '50.00'),
(504, 297, 28, '250.00', '50.00'),
(505, 298, 28, '2500.00', '100.00'),
(506, 299, 27, '1000.00', '50.00'),
(507, 299, 28, '1000.00', '50.00'),
(508, 300, 27, '625.00', '50.00'),
(509, 300, 28, '625.00', '50.00'),
(510, 301, 27, '1750.00', '50.00'),
(511, 301, 28, '1750.00', '50.00'),
(512, 295, 27, '375.00', '50.00'),
(513, 295, 28, '375.00', '50.00'),
(514, 302, 27, '250.00', '50.00'),
(515, 302, 28, '250.00', '50.00'),
(516, 303, 27, '500.00', '50.00'),
(517, 303, 28, '500.00', '50.00'),
(518, 304, 28, '500.00', '100.00'),
(519, 305, 27, '2000.00', '50.00'),
(520, 305, 28, '2000.00', '50.00'),
(521, 306, 28, '1500.00', '100.00'),
(522, 307, 27, '1000.00', '50.00'),
(523, 307, 28, '1000.00', '50.00'),
(524, 308, 27, '250.00', '50.00'),
(525, 308, 28, '250.00', '50.00'),
(526, 309, 27, '375.00', '50.00'),
(527, 309, 28, '375.00', '50.00'),
(528, 310, 27, '375.00', '50.00'),
(529, 310, 28, '375.00', '50.00'),
(530, 311, 27, '375.00', '50.00'),
(531, 311, 28, '375.00', '50.00'),
(534, 312, 28, '1000.00', '100.00'),
(535, 313, 27, '1500.00', '50.00'),
(536, 313, 28, '1500.00', '50.00'),
(537, 314, 28, '1000.00', '100.00'),
(538, 315, 27, '1750.00', '50.00'),
(539, 315, 28, '1750.00', '50.00'),
(540, 316, 27, '250.00', '50.00'),
(541, 316, 28, '250.00', '50.00'),
(542, 317, 27, '375.00', '50.00'),
(543, 317, 28, '375.00', '50.00'),
(544, 318, 27, '1000.00', '50.00'),
(545, 318, 28, '1000.00', '50.00'),
(548, 319, 27, '1625.00', '50.00'),
(549, 319, 28, '1625.00', '50.00'),
(550, 320, 27, '500.00', '50.00'),
(551, 320, 28, '500.00', '50.00'),
(552, 321, 27, '1000.00', '50.00'),
(553, 321, 28, '1000.00', '50.00'),
(554, 322, 27, '3000.00', '50.00'),
(555, 322, 28, '3000.00', '50.00'),
(556, 184, 27, '3000.00', '50.00'),
(557, 184, 28, '3000.00', '50.00'),
(558, 323, 28, '2500.00', '100.00'),
(559, 324, 27, '500.00', '50.00'),
(560, 324, 28, '500.00', '50.00'),
(561, 325, 28, '500.00', '100.00'),
(562, 326, 28, '1000.00', '100.00'),
(563, 327, 27, '1000.00', '50.00'),
(564, 327, 28, '1000.00', '50.00'),
(565, 328, 27, '250.00', '50.00'),
(566, 328, 28, '250.00', '50.00'),
(567, 329, 27, '1750.00', '50.00'),
(568, 329, 28, '1750.00', '50.00'),
(569, 330, 27, '500.00', '50.00'),
(570, 330, 28, '500.00', '50.00'),
(571, 331, 27, '250.00', '50.00'),
(572, 331, 28, '250.00', '50.00'),
(573, 332, 27, '625.00', '50.00'),
(574, 332, 28, '625.00', '50.00'),
(575, 333, 27, '375.00', '50.00'),
(576, 333, 28, '375.00', '50.00'),
(577, 334, 27, '4000.00', '50.00'),
(578, 334, 28, '4000.00', '50.00'),
(579, 335, 27, '1000.00', '50.00'),
(580, 335, 28, '1000.00', '50.00'),
(581, 336, 27, '250.00', '50.00'),
(582, 336, 28, '250.00', '50.00'),
(583, 337, 27, '375.00', '50.00'),
(584, 337, 28, '375.00', '50.00'),
(585, 338, 27, '1625.00', '50.00'),
(586, 338, 28, '1625.00', '50.00'),
(587, 339, 27, '750.00', '50.00'),
(588, 339, 28, '750.00', '50.00'),
(589, 340, 27, '1200.00', '50.00'),
(590, 340, 28, '1200.00', '50.00'),
(591, 341, 27, '250.00', '50.00'),
(592, 341, 28, '250.00', '50.00'),
(593, 342, 27, '1000.00', '50.00'),
(594, 342, 28, '1000.00', '50.00'),
(595, 343, 27, '250.00', '50.00'),
(596, 343, 28, '250.00', '50.00'),
(597, 344, 28, '500.00', '100.00'),
(598, 345, 28, '1000.00', '100.00'),
(599, 346, 28, '5000.00', '100.00'),
(600, 347, 27, '1000.00', '50.00'),
(601, 347, 28, '1000.00', '50.00'),
(602, 348, 27, '1000.00', '50.00'),
(603, 348, 28, '1000.00', '50.00'),
(604, 349, 27, '1000.00', '50.00'),
(605, 349, 28, '1000.00', '50.00'),
(606, 350, 27, '250.00', '50.00'),
(607, 350, 28, '250.00', '50.00'),
(608, 351, 27, '1750.00', '50.00'),
(609, 351, 28, '1750.00', '50.00'),
(610, 352, 27, '2500.00', '50.00'),
(611, 352, 28, '2500.00', '50.00'),
(614, 353, 27, '1750.00', '50.00'),
(615, 353, 28, '1750.00', '50.00'),
(616, 354, 27, '750.00', '50.00'),
(617, 354, 28, '750.00', '50.00'),
(618, 355, 27, '250.00', '50.00'),
(619, 355, 28, '250.00', '50.00'),
(620, 356, 27, '375.00', '50.00'),
(621, 356, 28, '375.00', '50.00'),
(624, 358, 28, '500.00', '100.00'),
(625, 359, 27, '500.00', '50.00'),
(626, 359, 28, '500.00', '50.00'),
(627, 360, 28, '5000.00', '100.00'),
(628, 361, 27, '250.00', '50.00'),
(629, 361, 28, '250.00', '50.00'),
(630, 362, 27, '250.00', '50.00'),
(631, 362, 28, '250.00', '50.00'),
(632, 357, 27, '375.00', '50.00'),
(633, 357, 28, '375.00', '50.00'),
(634, 363, 27, '1625.00', '50.00'),
(635, 363, 28, '1625.00', '50.00'),
(636, 364, 27, '2000.00', '50.00'),
(637, 364, 28, '2000.00', '50.00'),
(638, 365, 27, '500.00', '50.00'),
(639, 365, 28, '500.00', '50.00'),
(640, 366, 28, '5000.00', '100.00'),
(641, 367, 27, '1750.00', '50.00'),
(642, 367, 28, '1750.00', '50.00'),
(645, 369, 27, '1000.00', '50.00'),
(646, 369, 28, '1000.00', '50.00'),
(647, 370, 27, '750.00', '50.00'),
(648, 370, 28, '750.00', '50.00'),
(651, 372, 27, '375.00', '50.00'),
(652, 372, 28, '375.00', '50.00'),
(653, 371, 27, '500.00', '50.00'),
(654, 371, 28, '500.00', '50.00'),
(655, 373, 27, '500.00', '50.00'),
(656, 373, 28, '500.00', '50.00'),
(657, 374, 27, '250.00', '50.00'),
(658, 374, 28, '250.00', '50.00'),
(659, 375, 28, '1000.00', '100.00'),
(660, 376, 27, '1625.00', '50.00'),
(661, 376, 28, '1625.00', '50.00'),
(662, 377, 27, '4000.00', '50.00'),
(663, 377, 28, '4000.00', '50.00'),
(664, 378, 28, '500.00', '100.00'),
(665, 379, 27, '375.00', '50.00'),
(666, 379, 28, '375.00', '50.00'),
(667, 380, 27, '375.00', '50.00'),
(668, 380, 28, '375.00', '50.00'),
(669, 381, 27, '-100.00', '50.00'),
(670, 381, 28, '-100.00', '50.00'),
(671, 382, 27, '500.00', '50.00'),
(672, 382, 28, '500.00', '50.00'),
(673, 383, 27, '1000.00', '50.00'),
(674, 383, 28, '1000.00', '50.00'),
(675, 384, 27, '2000.00', '50.00'),
(676, 384, 28, '2000.00', '50.00'),
(677, 368, 27, '0.00', '50.00'),
(678, 368, 28, '0.00', '50.00'),
(679, 385, 27, '1500.00', '50.00'),
(680, 385, 28, '1500.00', '50.00'),
(681, 386, 28, '500.00', '100.00'),
(682, 387, 27, '1750.00', '50.00'),
(683, 387, 28, '1750.00', '50.00'),
(684, 388, 28, '2500.00', '100.00'),
(685, 389, 28, '1000.00', '100.00'),
(686, 390, 27, '2000.00', '50.00'),
(687, 390, 28, '2000.00', '50.00'),
(688, 391, 27, '500.00', '50.00'),
(689, 391, 28, '500.00', '50.00'),
(690, 392, 27, '250.00', '50.00'),
(691, 392, 28, '250.00', '50.00'),
(692, 393, 28, '1000.00', '100.00'),
(693, 394, 28, '2500.00', '100.00'),
(694, 395, 27, '250.00', '50.00'),
(695, 395, 28, '250.00', '50.00'),
(696, 396, 27, '250.00', '50.00'),
(697, 396, 28, '250.00', '50.00'),
(698, 397, 27, '250.00', '50.00'),
(699, 397, 28, '250.00', '50.00'),
(700, 398, 27, '1000.00', '50.00'),
(701, 398, 28, '1000.00', '50.00'),
(702, 399, 27, '4000.00', '50.00'),
(703, 399, 28, '4000.00', '50.00'),
(704, 400, 27, '250.00', '50.00'),
(705, 400, 28, '250.00', '50.00'),
(708, 401, 27, '375.00', '50.00'),
(709, 401, 28, '375.00', '50.00'),
(710, 402, 27, '1500.00', '50.00'),
(711, 402, 28, '1500.00', '50.00'),
(712, 403, 27, '250.00', '50.00'),
(713, 403, 28, '250.00', '50.00'),
(714, 404, 27, '250.00', '50.00'),
(715, 404, 28, '250.00', '50.00'),
(716, 405, 27, '250.00', '50.00'),
(717, 405, 28, '250.00', '50.00'),
(718, 406, 27, '250.00', '50.00'),
(719, 406, 28, '250.00', '50.00'),
(720, 407, 28, '500.00', '100.00'),
(723, 408, 27, '500.00', '50.00'),
(724, 408, 28, '500.00', '50.00'),
(725, 409, 27, '500.00', '50.00'),
(726, 409, 28, '500.00', '50.00'),
(727, 410, 27, '2000.00', '50.00'),
(728, 410, 28, '2000.00', '50.00'),
(729, 411, 27, '1250.00', '50.00'),
(730, 411, 28, '1250.00', '50.00'),
(731, 412, 27, '1000.00', '50.00'),
(732, 412, 28, '1000.00', '50.00'),
(733, 413, 27, '500.00', '50.00'),
(734, 413, 28, '500.00', '50.00'),
(735, 414, 27, '250.00', '50.00'),
(736, 414, 28, '250.00', '50.00'),
(737, 415, 30, '60.00', '100.00'),
(738, 416, 27, '1200.00', '50.00'),
(739, 416, 28, '1200.00', '50.00'),
(740, 417, 27, '250.00', '50.00'),
(741, 417, 28, '250.00', '50.00'),
(742, 418, 28, '2500.00', '100.00'),
(743, 419, 28, '0.00', '100.00'),
(744, 420, 27, '4250.00', '50.00'),
(745, 420, 28, '4250.00', '50.00'),
(746, 421, 27, '3500.00', '50.00'),
(747, 421, 28, '3500.00', '50.00'),
(748, 422, 27, '250.00', '50.00'),
(749, 422, 28, '250.00', '50.00'),
(750, 423, 27, '250.00', '50.00'),
(751, 423, 28, '250.00', '50.00'),
(752, 424, 27, '250.00', '50.00'),
(753, 424, 28, '250.00', '50.00'),
(754, 425, 28, '500.00', '100.00'),
(755, 426, 28, '500.00', '100.00'),
(756, 427, 27, '500.00', '50.00'),
(757, 427, 28, '500.00', '50.00'),
(758, 428, 27, '2500.00', '50.00'),
(759, 428, 28, '2500.00', '50.00'),
(760, 429, 27, '250.00', '50.00'),
(761, 429, 28, '250.00', '50.00'),
(762, 430, 27, '500.00', '50.00'),
(763, 430, 28, '500.00', '50.00'),
(764, 431, 28, '500.00', '100.00'),
(765, 432, 27, '2000.00', '50.00'),
(766, 432, 28, '2000.00', '50.00'),
(767, 433, 27, '250.00', '50.00'),
(768, 433, 28, '250.00', '50.00'),
(769, 434, 27, '500.00', '50.00'),
(770, 434, 28, '500.00', '50.00'),
(771, 435, 27, '1750.00', '50.00'),
(772, 435, 28, '1750.00', '50.00'),
(779, 437, 27, '0.00', '30.00'),
(780, 437, 28, '0.00', '70.00'),
(783, 436, 27, '375.00', '50.00'),
(784, 436, 28, '375.00', '50.00'),
(785, 438, 30, '400000.00', '100.00'),
(786, 439, 30, '800.00', '100.00'),
(787, 440, 30, '800.00', '100.00'),
(788, 441, 30, '800.00', '100.00'),
(789, 442, 30, '500.00', '100.00'),
(790, 443, 30, '1200.00', '100.00'),
(791, 444, 30, '4000.00', '100.00'),
(792, 445, 30, '50000.00', '100.00'),
(793, 446, 30, '50000.00', '100.00'),
(794, 447, 30, '50000.00', '100.00'),
(795, 448, 30, '50000.00', '100.00'),
(796, 449, 30, '50000.00', '100.00'),
(797, 450, 30, '50000.00', '100.00'),
(798, 451, 30, '50000.00', '100.00'),
(799, 452, 30, '50000.00', '100.00'),
(802, 453, 30, '30000.00', '100.00'),
(804, 454, 30, '80000.00', '100.00'),
(805, 455, 30, '5000.00', '100.00'),
(806, 456, 30, '360.00', '60.00'),
(807, 456, 29, '240.00', '40.00'),
(808, 457, 29, '100.00', '25.00'),
(809, 457, 30, '300.00', '75.00'),
(844, 458, 29, '2540.00', '25.00'),
(845, 458, 30, '7620.00', '75.00');

-- --------------------------------------------------------

--
-- Структура таблицы `users`
--

CREATE TABLE `users` (
  `user_id` int(11) NOT NULL,
  `first_name` varchar(15) DEFAULT NULL,
  `last_name` varchar(15) NOT NULL,
  `role` varchar(30) NOT NULL,
  `branch_id` int(30) NOT NULL,
  `pass_hash` varchar(100) DEFAULT NULL,
  `login` varchar(100) DEFAULT NULL,
  `active` tinyint(1) NOT NULL DEFAULT '1',
  `is_owner` tinyint(1) NOT NULL DEFAULT '0',
  `telegram` varchar(30) DEFAULT NULL
) ENGINE=InnoDB DEFAULT CHARSET=cp1251;

--
-- Дамп данных таблицы `users`
--

INSERT INTO `users` (`user_id`, `first_name`, `last_name`, `role`, `branch_id`, `pass_hash`, `login`, `active`, `is_owner`, `telegram`) VALUES
(2, 'Devonic', 'Hammes', 'admin', 3, '$2y$10$2zCpMmzWdYudw5LkeSSq7.ZK26fup.eAU5h3aZk3WyOHZU/J/1EP2', 'admin', 1, 1, NULL),
(3, 'Ivah', 'Braun', 'moder', 10, '$2y$10$2zCpMmzWdYudw5LkeSSq7.ZK26fup.eAU5h3aZk3WyOHZU/J/1EP2', 'moder', 1, 0, NULL),
(26, 'Диана', 'Диана', 'agent', 9, '$2y$10$7w2HaKnLAgkvkpJaS70JCO00BsCVctIRiTs6hw4n1hcGhjGI1ODzi', 'Diana', 1, 1, '@'),
(27, 'Саша', 'Саша', 'admin', 9, '$2y$10$sbWsKwGbM2nWj0VgU5u5HO9T9QyBdb6yDlc.C4c3toGlfNAEmu87e', 'Sasha', 1, 1, '@deaxo'),
(28, 'Игорь', 'Игорь', 'admin', 9, '$2y$10$BHg7EcxqCwK/v.qsfMO9DOeHIR1zinO3S79kJNw9XhELuJRAemzVq', 'Igor1', 1, 1, ''),
(29, 'Admin', 'New', 'admin', 10, '$2y$10$srg.RSi97f/15X7X7gEuV.5GYAJ64mGGchLpKKggQrlUPECkn0gQO', 'newadm', 1, 1, '@waegwrgew'),
(30, 'Agent', 'New', 'agent', 10, '$2y$10$CBZExjdMex5D09XeATju0OEBChBoOcIue2pZIjUB.vj6fCGXq5Awm', 'newagent', 1, 1, '@sdffasdfa'),
(31, 'Ddffdff', 'Ftgffgg', 'agent', 10, '$2y$10$dDPaS8nO.ztBvGUQniFxcOwjFPakVJWccV0VzldYtqq926EdAz6p2', 'agent', 1, 0, '@jdhdjds'),
(32, 'Agent', 'Test', 'agent', 9, '$2y$10$soPRetmI0vrNNpQSG6eyE.IlXranG5ZHHk22aDkZgRUGVvo.6R4I6', 'test', 1, 0, '@dsvfsdf');

-- --------------------------------------------------------

--
-- Структура таблицы `vg_data`
--

CREATE TABLE `vg_data` (
  `vg_data_id` int(11) NOT NULL,
  `vg_id` int(11) NOT NULL,
  `branch_id` int(11) NOT NULL,
  `vg_amount` int(11) NOT NULL,
  `vg_api_amount` int(11) NOT NULL,
  `name` varchar(100) NOT NULL,
  `api_url_regexp` varchar(300) DEFAULT NULL,
  `access_key` varchar(100) DEFAULT NULL,
  `out_percent` decimal(15,2) NOT NULL,
  `in_percent` decimal(15,2) NOT NULL,
  `vg_data_login` varchar(100) DEFAULT NULL,
  `vg_data_balance_control` tinyint(1) NOT NULL DEFAULT '0'
) ENGINE=InnoDB DEFAULT CHARSET=utf8;

--
-- Дамп данных таблицы `vg_data`
--

INSERT INTO `vg_data` (`vg_data_id`, `vg_id`, `branch_id`, `vg_amount`, `vg_api_amount`, `name`, `api_url_regexp`, `access_key`, `out_percent`, `in_percent`, `vg_data_login`, `vg_data_balance_control`) VALUES
(1, 1, 5, 0, 0, 'soma', 'https://chcgreen.net/api/transfer/?tr=%idtransact%&key=92csra1smk6gnbmlvjcubg2u5eqg3qo&login=%clientlogin%&sum=%sum%', '31231232131', '10.00', '7.00', '', 0),
(2, 2, 5, 0, 0, 'orkwood', 'https://chcgreen.net/api/transfer/?tr=%idtransact%&key=92csra1smk6gnbmlvjcubg2u5eqg3qo&login=%clientlogin%&sum=%sum%', 'wqewerwerwelkjkj', '12.00', '8.00', '', 0),
(3, 1, 1, 0, 0, 'testvgInye', 'http://xn----7sbbfomhdsismqf5b9o.com.ua/', '3123123', '133.00', '9.00', '', 0),
(4, 1, 1, 0, 0, 'testvgInye2', 'http://xn----7sbbfomhdsismqf5b9o.com.ua/', '3123123', '1.00', '6.00', '', 0),
(5, 2, 3, 0, 0, 'test2vg', '', '', '12.00', '11.00', '', 0),
(6, 4, 9, 0, 0, 'Chcgreen грн 0', 'https://chcgreen.net/api/transfer/?tr=%idtransact%&key=pdq9uv7b2ujt7tevsgvh079n0me7jqv5&login=%clientlogin%&sum=%sum%', 'joachiqmf21mrrp5ji8aqjns4hbvqg4n00thceqbtl4g26e5g6ieq2vm21ij27nm', '6.00', '5.00', '', 0),
(7, 4, 9, 1000, 0, 'chcgreen грн 1', 'https://chcgreen.net/api/transfer/?tr=%idtransact%&key=cm8jr8ui3bo3aldbme4e4ongeb27478i&login=%clientlogin%&sum=%sum%', 'j2amm63gj6a98bqihmi819o9tdbu9spu15aakchnogv0fd4bmj2jri6boes02ojm', '6.00', '5.00', '', 0),
(8, 5, 9, 0, 0, 'chcblack грн без картинки', '', '', '6.00', '5.00', '', 0),
(9, 5, 9, 0, 0, 'chcblack грн с картинкой', '', '', '6.00', '5.00', '', 0),
(10, 6, 9, 0, 0, 'chcblack + locker', '', '', '8.00', '5.00', '', 0),
(11, 7, 9, 0, 0, 'SimpleGame', '', '', '8.00', '0.00', '', 0),
(12, 8, 9, 0, 0, 'superomatic.biz', '', '', '8.00', '6.00', '', 0),
(13, 9, 9, 0, 0, 'superomatic.win', '', '', '6.00', '0.00', '', 0),
(14, 10, 9, 0, 0, 'global gslots.win', '', '', '7.00', '0.00', '', 0),
(15, 11, 9, 0, 0, 'global globalpay.win', '', '', '7.00', '0.00', '', 0),
(16, 12, 9, 0, 0, 'stargame lotoslots.org', '', '', '7.00', '0.00', '', 0),
(17, 13, 9, 0, 0, 'stargame lotstar', '', '', '7.00', '0.00', '', 0),
(18, 4, 10, -229690, 0, 'Champion green', 'http://xn----7sbbfomhdsismqf5b9o.com.ua/', 'ds2fq23412', '10.00', '5.00', '', 0),
(19, 8, 10, 36080, 0, 'superomatic.biz2222', 'http://roob.com/', 'sdfaf24qvc', '13.00', '7.00', '', 0),
(20, 13, 10, 10000, 0, 'stargame lotstar2', 'http:/dasdsdasd', '2q3rq32412342', '10.00', '4.00', '', 0),
(21, 2, 10, 0, 0, 'test2vg', 'http://xn----7sbbfomhdsismqf5b9o.com.ua/', '2123423421', '13.00', '4.00', '', 0);

-- --------------------------------------------------------

--
-- Структура таблицы `vg_processing_reports`
--

CREATE TABLE `vg_processing_reports` (
  `vg_processing_report_id` int(11) NOT NULL,
  `fiat_id` int(11) NOT NULL,
  `vg_data_id` int(11) NOT NULL,
  `vg_balance` int(20) NOT NULL,
  `vg_api_balance` int(20) NOT NULL,
  `fiat_debt` int(20) NOT NULL,
  `vg_purchased` int(20) NOT NULL,
  `vg_sold` int(20) NOT NULL,
  `vg_sold_in_fiat` int(20) NOT NULL,
  `vg_callmasters_sum` int(20) NOT NULL,
  `vg_processing_report_date` datetime NOT NULL DEFAULT CURRENT_TIMESTAMP
) ENGINE=InnoDB DEFAULT CHARSET=utf8;

-- --------------------------------------------------------

--
-- Структура таблицы `vg_purchases`
--

CREATE TABLE `vg_purchases` (
  `vg_purchase_id` int(11) NOT NULL,
  `user_id` int(11) NOT NULL,
  `vg_data_id` int(11) NOT NULL,
  `fiat_id` int(11) NOT NULL,
  `vg_purchase_sum` decimal(15,2) NOT NULL,
  `vg_purchase_sum_currency` decimal(15,2) NOT NULL,
  `vg_purchase_credit` decimal(15,2) NOT NULL,
  `vg_purchase_on_credit` tinyint(1) NOT NULL,
  `date` datetime NOT NULL DEFAULT CURRENT_TIMESTAMP,
  `vg_purchase_unique_key` varchar(200) DEFAULT NULL
) ENGINE=InnoDB DEFAULT CHARSET=utf8;

--
-- Дамп данных таблицы `vg_purchases`
--

INSERT INTO `vg_purchases` (`vg_purchase_id`, `user_id`, `vg_data_id`, `fiat_id`, `vg_purchase_sum`, `vg_purchase_sum_currency`, `vg_purchase_credit`, `vg_purchase_on_credit`, `date`, `vg_purchase_unique_key`) VALUES
(80, 31, 18, 1, '1000.00', '50.00', '0.00', 0, '2019-09-30 16:47:03', 'f7d9fe85eb6d2044bd242bbffe11619d'),
(81, 31, 18, 1, '2000.00', '100.00', '2000.00', 1, '2019-09-30 16:47:14', '8df476c1653b0829af5ab4333eefc679'),
(82, 31, 18, 2, '1000.00', '50.00', '1000.00', 1, '2019-09-30 18:02:01', '17fd91474aac76e2f574dce55993b4d7'),
(83, 31, 19, 2, '1000.00', '70.00', '1000.00', 1, '2019-09-30 18:02:51', '5e067a50bf537e0014bfb834de8eea73'),
(84, 31, 18, 2, '1000.00', '50.00', '0.00', 0, '2019-09-30 18:04:20', '7d4797851ab43171cf5c6fec334ee12b'),
(85, 31, 19, 3, '100.00', '7.00', '100.00', 1, '2019-09-30 18:04:30', '57343b358a5f7de7b6472c94f8c63951'),
(86, 31, 19, 2, '100.00', '7.00', '100.00', 1, '2019-09-30 18:05:38', '6e50e71c707d8b6b9b4d561a28ad335f'),
(87, 31, 19, 1, '100.00', '7.00', '100.00', 1, '2019-09-30 18:06:19', '6fcb899bed9c9b27f5246cf022b62e30'),
(88, 31, 19, 1, '100.00', '7.00', '100.00', 1, '2019-09-30 18:06:38', 'eccfd5cc3847aca6b0bc082c76a57923'),
(89, 31, 19, 1, '100.00', '7.00', '100.00', 1, '2019-09-30 18:07:01', '9f09e26a6a86501c0ba4ef52b0801a37'),
(90, 31, 19, 1, '100.00', '7.00', '100.00', 1, '2019-09-30 18:07:24', 'd1a5a1781693063e72187d771c150571'),
(91, 31, 19, 1, '100.00', '7.00', '100.00', 1, '2019-09-30 18:10:11', '5c2788d83ea0d0f213be42ecd763c128'),
(92, 31, 19, 1, '100.00', '7.00', '100.00', 1, '2019-09-30 18:10:25', '93f777aad328d4d0635bfc54afe88079'),
(93, 31, 18, 3, '1000.00', '50.00', '0.00', 0, '2019-09-30 18:20:21', '5d439e4650a3856ce7e7dbb01dd6ca21'),
(94, 31, 18, 1, '10000.00', '500.00', '10000.00', 1, '2019-09-30 18:21:21', '4cfefd7b27b42f13fd13b8cc826b4cfc'),
(95, 31, 18, 1, '10000.00', '500.00', '10000.00', 1, '2019-09-30 18:21:44', 'fa6f671332f6c3027236d7c0d2ae5d38'),
(96, 31, 18, 1, '1000.00', '50.00', '1000.00', 1, '2019-09-30 18:21:54', '0bb5ae7c4d86dee975c2e4b8d89bb5f5'),
(97, 31, 18, 2, '1000.00', '50.00', '1000.00', 1, '2019-09-30 18:22:07', 'ee470090d8b32276acbb746841c51268'),
(98, 31, 18, 2, '2000.00', '100.00', '2000.00', 1, '2019-09-30 18:22:24', '838be4bdf0d704b16fdbdeb04ad94001'),
(99, 31, 18, 2, '32315.00', '1615.75', '0.00', 0, '2019-09-30 21:31:03', 'dc92c8820f76e801ef6eb81fe81e5597'),
(100, 31, 19, 1, '100.00', '7.00', '100.00', 1, '2019-09-30 22:14:28', 'a3d1ec8459e680a219b9bef0af4c51c6'),
(101, 31, 18, 3, '100.00', '5.00', '0.00', 0, '2019-09-30 22:14:39', '723f9fb2972d82c2223ee95a7f0c1c78'),
(102, 31, 18, 3, '100.00', '5.00', '0.00', 0, '2019-09-30 22:14:42', '133f6aacf7f951737ed7709df4b8af0e'),
(103, 31, 18, 3, '100.00', '5.00', '0.00', 0, '2019-09-30 22:14:44', '6cce5436f910de243ddb1dd0ca8b8ee0'),
(104, 31, 18, 3, '10000.00', '500.00', '0.00', 0, '2019-09-30 22:15:44', '4fe60e1b67dc195d48948253049cbbcd'),
(105, 31, 19, 3, '1000.00', '70.00', '0.00', 0, '2019-09-30 22:17:34', '0693180e4417dc688f33843770f85213'),
(106, 31, 19, 3, '1000.00', '70.00', '0.00', 0, '2019-09-30 22:17:35', '1708b740f96bb9a5456df4c4546f43f3'),
(107, 31, 19, 3, '1000.00', '70.00', '0.00', 0, '2019-09-30 22:17:37', 'd919f9b6df2ef3f4c611298ba470de24'),
(108, 31, 19, 3, '1000.00', '70.00', '0.00', 0, '2019-09-30 22:17:38', '32a70eecfe1233d6d57d0bdd8c29dbd6'),
(109, 31, 19, 3, '1000.00', '70.00', '0.00', 0, '2019-09-30 22:17:45', '74197516251da7ed1449538b0c51d9c0'),
(110, 31, 19, 3, '1000.00', '70.00', '0.00', 0, '2019-09-30 22:17:51', '0e17f2806b9b22659e727e11097cdb32'),
(111, 31, 19, 3, '1000.00', '70.00', '0.00', 0, '2019-09-30 22:18:10', '0fb0d9d76d28989e522be4df67bbf906'),
(112, 31, 19, 3, '1000.00', '70.00', '0.00', 0, '2019-09-30 22:18:25', 'def59708be0e8f29e9042c1f82c400fb'),
(113, 31, 19, 3, '1000.00', '70.00', '0.00', 0, '2019-09-30 22:18:42', 'ecf360b118a36c353ea194a37cd36094'),
(114, 31, 19, 3, '1000.00', '70.00', '0.00', 0, '2019-09-30 22:19:47', 'da5ed3985bfbd34c0661055b580ccdac'),
(115, 31, 18, 3, '300.00', '15.00', '300.00', 1, '2019-09-30 22:21:27', '8090552bad2ff7d7d54b4df943e8fab3'),
(116, 31, 18, 2, '2000.00', '100.00', '100.00', 1, '2019-10-01 13:37:48', '97dce49c165b1b18c1b88186b144c3e8'),
(117, 31, 18, 3, '10000.00', '500.00', '500.00', 1, '2019-10-01 13:38:23', 'a5a72480183f3cb1e474c6e2f2e528f5'),
(118, 31, 19, 1, '30000.00', '2100.00', '2100.00', 1, '2019-10-01 14:09:39', '7535598059ee6e29de24cffcd1a24a57'),
(119, 31, 18, 2, '1000.00', '50.00', '50.00', 1, '2019-10-01 14:09:58', 'd58c72b5b5710e46060c72e5e9c63135'),
(120, 31, 20, 1, '10000.00', '400.00', '400.00', 1, '2019-10-01 15:42:44', '05760be256c63fc30622d3583482b7fa');

-- --------------------------------------------------------

--
-- Структура таблицы `virtualgood`
--

CREATE TABLE `virtualgood` (
  `vg_id` int(11) NOT NULL,
  `name` varchar(100) NOT NULL,
  `active` tinyint(1) NOT NULL DEFAULT '1'
) ENGINE=InnoDB DEFAULT CHARSET=cp1251;

--
-- Дамп данных таблицы `virtualgood`
--

INSERT INTO `virtualgood` (`vg_id`, `name`, `active`) VALUES
(1, 'testvg', 1),
(2, 'test2vg', 1),
(4, 'Champion green', 1),
(5, 'Champion Black', 1),
(6, 'chcblack + locker', 1),
(7, 'SimpleGame', 1),
(8, 'superomatic.biz', 1),
(9, 'superomatic.win', 1),
(10, 'global gslots.win', 1),
(11, 'global globalpay.win', 1),
(12, 'stargame lotoslots.org', 1),
(13, 'stargame lotstar', 1);

--
-- Индексы сохранённых таблиц
--

--
-- Индексы таблицы `branch`
--
ALTER TABLE `branch`
  ADD PRIMARY KEY (`branch_id`);

--
-- Индексы таблицы `clients`
--
ALTER TABLE `clients`
  ADD PRIMARY KEY (`client_id`),
  ADD KEY `user_id` (`user_id`);

--
-- Индексы таблицы `debt_history`
--
ALTER TABLE `debt_history`
  ADD PRIMARY KEY (`debt_history_id`),
  ADD KEY `client_id` (`client_id`),
  ADD KEY `user_id` (`user_id`),
  ADD KEY `fiat_id` (`fiat_id`);

--
-- Индексы таблицы `fiats`
--
ALTER TABLE `fiats`
  ADD PRIMARY KEY (`fiat_id`);

--
-- Индексы таблицы `income_history`
--
ALTER TABLE `income_history`
  ADD PRIMARY KEY (`income_id`),
  ADD KEY `fiat` (`fiat`),
  ADD KEY `user_id` (`user_id`),
  ADD KEY `owner_id` (`owner_id`) USING BTREE;

--
-- Индексы таблицы `last_changes`
--
ALTER TABLE `last_changes`
  ADD PRIMARY KEY (`last_change_id`),
  ADD KEY `last_change_user_id` (`last_change_user_id`),
  ADD KEY `branch_id` (`branch_id`),
  ADD KEY `client_id` (`client_id`),
  ADD KEY `fiat_id` (`fiat_id`),
  ADD KEY `method_id` (`method_id`),
  ADD KEY `order_id` (`order_id`),
  ADD KEY `payment_id` (`payment_id`),
  ADD KEY `project_id` (`project_id`),
  ADD KEY `last_changes_ibfk_9` (`user_id`),
  ADD KEY `vg_data_id` (`vg_data_id`),
  ADD KEY `vg_id` (`vg_id`),
  ADD KEY `vg_purchase_id` (`vg_purchase_id`),
  ADD KEY `outgo_type_id` (`outgo_type_id`);

--
-- Индексы таблицы `methods_of_obtaining`
--
ALTER TABLE `methods_of_obtaining`
  ADD PRIMARY KEY (`method_id`),
  ADD KEY `branch_id` (`branch_id`);

--
-- Индексы таблицы `methods_processing_reports`
--
ALTER TABLE `methods_processing_reports`
  ADD PRIMARY KEY (`methods_processing_report_id`),
  ADD KEY `fiat_id` (`fiat_id`),
  ADD KEY `method_id` (`method_id`);

--
-- Индексы таблицы `orders`
--
ALTER TABLE `orders`
  ADD PRIMARY KEY (`order_id`),
  ADD KEY `vg_id` (`client_id`),
  ADD KEY `client_id` (`client_id`),
  ADD KEY `callmaster` (`callmaster`),
  ADD KEY `fiat_id` (`fiat_id`),
  ADD KEY `method_id` (`method_id`),
  ADD KEY `vg_data_id` (`vg_data_id`);

--
-- Индексы таблицы `outgo`
--
ALTER TABLE `outgo`
  ADD PRIMARY KEY (`outgo_id`),
  ADD KEY `branch_id` (`branch_id`),
  ADD KEY `fiat_id` (`fiat_id`),
  ADD KEY `project_id` (`project_id`),
  ADD KEY `outgo_type_id` (`outgo_type_id`),
  ADD KEY `user_id` (`user_id`),
  ADD KEY `user_as_owner_id` (`user_as_owner_id`),
  ADD KEY `vg_data_id` (`vg_data_id`);

--
-- Индексы таблицы `outgoes_processing_reports`
--
ALTER TABLE `outgoes_processing_reports`
  ADD PRIMARY KEY (`outgoes_processing_report_id`),
  ADD KEY `fiat_id` (`fiat_id`),
  ADD KEY `outgo_type_id` (`outgo_type_id`),
  ADD KEY `method_id` (`method_id`);

--
-- Индексы таблицы `outgo_types`
--
ALTER TABLE `outgo_types`
  ADD PRIMARY KEY (`outgo_type_id`),
  ADD KEY `branch_id` (`branch_id`);

--
-- Индексы таблицы `outgo_types_relative`
--
ALTER TABLE `outgo_types_relative`
  ADD PRIMARY KEY (`parent_id`,`son_id`),
  ADD KEY `son_id` (`son_id`);

--
-- Индексы таблицы `payments`
--
ALTER TABLE `payments`
  ADD PRIMARY KEY (`payment_id`),
  ADD KEY `client_debt_id` (`client_debt_id`),
  ADD KEY `client_rollback_id` (`client_rollback_id`),
  ADD KEY `branch_id` (`branch_id`),
  ADD KEY `fiat_id` (`fiat_id`),
  ADD KEY `vg_data_id` (`vg_data_debt_id`),
  ADD KEY `method_id` (`method_id`);

--
-- Индексы таблицы `projects`
--
ALTER TABLE `projects`
  ADD PRIMARY KEY (`project_id`),
  ADD KEY `branch_id` (`branch_id`);

--
-- Индексы таблицы `report_shares`
--
ALTER TABLE `report_shares`
  ADD PRIMARY KEY (`report_share_id`),
  ADD KEY `user_id` (`user_id`);

--
-- Индексы таблицы `rollback_paying`
--
ALTER TABLE `rollback_paying`
  ADD PRIMARY KEY (`rollack_paying_id`),
  ADD UNIQUE KEY `rollack_paying_id` (`rollack_paying_id`),
  ADD UNIQUE KEY `rollack_paying_id_2` (`rollack_paying_id`),
  ADD KEY `user_id` (`user_id`),
  ADD KEY `client_id` (`client_id`),
  ADD KEY `Rollback_paying_ibfk_22` (`fiat_id`);

--
-- Индексы таблицы `shares`
--
ALTER TABLE `shares`
  ADD PRIMARY KEY (`shares_id`),
  ADD KEY `owner_id` (`user_as_owner_id`),
  ADD KEY `order_id` (`order_id`);

--
-- Индексы таблицы `users`
--
ALTER TABLE `users`
  ADD PRIMARY KEY (`user_id`),
  ADD KEY `user_id` (`user_id`),
  ADD KEY `branch_id` (`branch_id`);

--
-- Индексы таблицы `vg_data`
--
ALTER TABLE `vg_data`
  ADD PRIMARY KEY (`vg_data_id`),
  ADD KEY `vg_id` (`vg_id`),
  ADD KEY `branch_id` (`branch_id`);

--
-- Индексы таблицы `vg_processing_reports`
--
ALTER TABLE `vg_processing_reports`
  ADD PRIMARY KEY (`vg_processing_report_id`),
  ADD KEY `fiat_id` (`fiat_id`),
  ADD KEY `vg_data_id` (`vg_data_id`);

--
-- Индексы таблицы `vg_purchases`
--
ALTER TABLE `vg_purchases`
  ADD PRIMARY KEY (`vg_purchase_id`),
  ADD UNIQUE KEY `vg_purchase_unique_key` (`vg_purchase_unique_key`),
  ADD KEY `vg_purchases_ibfk_1` (`vg_data_id`),
  ADD KEY `fiat_id` (`fiat_id`),
  ADD KEY `user_id` (`user_id`);

--
-- Индексы таблицы `virtualgood`
--
ALTER TABLE `virtualgood`
  ADD PRIMARY KEY (`vg_id`);

--
-- AUTO_INCREMENT для сохранённых таблиц
--

--
-- AUTO_INCREMENT для таблицы `branch`
--
ALTER TABLE `branch`
  MODIFY `branch_id` int(11) NOT NULL AUTO_INCREMENT, AUTO_INCREMENT=12;

--
-- AUTO_INCREMENT для таблицы `clients`
--
ALTER TABLE `clients`
  MODIFY `client_id` int(11) NOT NULL AUTO_INCREMENT, AUTO_INCREMENT=96;

--
-- AUTO_INCREMENT для таблицы `debt_history`
--
ALTER TABLE `debt_history`
  MODIFY `debt_history_id` int(11) NOT NULL AUTO_INCREMENT, AUTO_INCREMENT=190;

--
-- AUTO_INCREMENT для таблицы `fiats`
--
ALTER TABLE `fiats`
  MODIFY `fiat_id` int(11) NOT NULL AUTO_INCREMENT, AUTO_INCREMENT=4;

--
-- AUTO_INCREMENT для таблицы `income_history`
--
ALTER TABLE `income_history`
  MODIFY `income_id` int(11) NOT NULL AUTO_INCREMENT, AUTO_INCREMENT=3;

--
-- AUTO_INCREMENT для таблицы `last_changes`
--
ALTER TABLE `last_changes`
  MODIFY `last_change_id` int(11) NOT NULL AUTO_INCREMENT, AUTO_INCREMENT=4;

--
-- AUTO_INCREMENT для таблицы `methods_of_obtaining`
--
ALTER TABLE `methods_of_obtaining`
  MODIFY `method_id` int(11) NOT NULL AUTO_INCREMENT, AUTO_INCREMENT=9;

--
-- AUTO_INCREMENT для таблицы `methods_processing_reports`
--
ALTER TABLE `methods_processing_reports`
  MODIFY `methods_processing_report_id` int(11) NOT NULL AUTO_INCREMENT;

--
-- AUTO_INCREMENT для таблицы `orders`
--
ALTER TABLE `orders`
  MODIFY `order_id` int(11) NOT NULL AUTO_INCREMENT, AUTO_INCREMENT=459;

--
-- AUTO_INCREMENT для таблицы `outgo`
--
ALTER TABLE `outgo`
  MODIFY `outgo_id` int(11) NOT NULL AUTO_INCREMENT, AUTO_INCREMENT=92;

--
-- AUTO_INCREMENT для таблицы `outgoes_processing_reports`
--
ALTER TABLE `outgoes_processing_reports`
  MODIFY `outgoes_processing_report_id` int(11) NOT NULL AUTO_INCREMENT;

--
-- AUTO_INCREMENT для таблицы `payments`
--
ALTER TABLE `payments`
  MODIFY `payment_id` int(11) NOT NULL AUTO_INCREMENT, AUTO_INCREMENT=57;

--
-- AUTO_INCREMENT для таблицы `projects`
--
ALTER TABLE `projects`
  MODIFY `project_id` int(11) NOT NULL AUTO_INCREMENT, AUTO_INCREMENT=5;

--
-- AUTO_INCREMENT для таблицы `report_shares`
--
ALTER TABLE `report_shares`
  MODIFY `report_share_id` int(11) NOT NULL AUTO_INCREMENT;

--
-- AUTO_INCREMENT для таблицы `rollback_paying`
--
ALTER TABLE `rollback_paying`
  MODIFY `rollack_paying_id` int(11) NOT NULL AUTO_INCREMENT, AUTO_INCREMENT=19;

--
-- AUTO_INCREMENT для таблицы `shares`
--
ALTER TABLE `shares`
  MODIFY `shares_id` int(11) NOT NULL AUTO_INCREMENT, AUTO_INCREMENT=846;

--
-- AUTO_INCREMENT для таблицы `users`
--
ALTER TABLE `users`
  MODIFY `user_id` int(11) NOT NULL AUTO_INCREMENT, AUTO_INCREMENT=33;

--
-- AUTO_INCREMENT для таблицы `vg_data`
--
ALTER TABLE `vg_data`
  MODIFY `vg_data_id` int(11) NOT NULL AUTO_INCREMENT, AUTO_INCREMENT=22;

--
-- AUTO_INCREMENT для таблицы `vg_processing_reports`
--
ALTER TABLE `vg_processing_reports`
  MODIFY `vg_processing_report_id` int(11) NOT NULL AUTO_INCREMENT;

--
-- AUTO_INCREMENT для таблицы `vg_purchases`
--
ALTER TABLE `vg_purchases`
  MODIFY `vg_purchase_id` int(11) NOT NULL AUTO_INCREMENT, AUTO_INCREMENT=121;

--
-- AUTO_INCREMENT для таблицы `virtualgood`
--
ALTER TABLE `virtualgood`
  MODIFY `vg_id` int(11) NOT NULL AUTO_INCREMENT, AUTO_INCREMENT=14;

--
-- Ограничения внешнего ключа сохраненных таблиц
--

--
-- Ограничения внешнего ключа таблицы `clients`
--
ALTER TABLE `clients`
  ADD CONSTRAINT `clients_ibfk_1` FOREIGN KEY (`user_id`) REFERENCES `users` (`user_id`);

--
-- Ограничения внешнего ключа таблицы `debt_history`
--
ALTER TABLE `debt_history`
  ADD CONSTRAINT `debt_history_ibfk_1` FOREIGN KEY (`client_id`) REFERENCES `clients` (`client_id`),
  ADD CONSTRAINT `debt_history_ibfk_2` FOREIGN KEY (`user_id`) REFERENCES `users` (`user_id`),
  ADD CONSTRAINT `debt_history_ibfk_3` FOREIGN KEY (`fiat_id`) REFERENCES `fiats` (`fiat_id`);

--
-- Ограничения внешнего ключа таблицы `income_history`
--
ALTER TABLE `income_history`
  ADD CONSTRAINT `income_history_ibfk_1` FOREIGN KEY (`fiat`) REFERENCES `fiats` (`fiat_id`),
  ADD CONSTRAINT `income_history_ibfk_2` FOREIGN KEY (`owner_id`) REFERENCES `users` (`user_id`),
  ADD CONSTRAINT `income_history_ibfk_3` FOREIGN KEY (`user_id`) REFERENCES `users` (`user_id`);

--
-- Ограничения внешнего ключа таблицы `last_changes`
--
ALTER TABLE `last_changes`
  ADD CONSTRAINT `last_changes_ibfk_1` FOREIGN KEY (`last_change_user_id`) REFERENCES `users` (`user_id`) ON DELETE CASCADE ON UPDATE CASCADE,
  ADD CONSTRAINT `last_changes_ibfk_10` FOREIGN KEY (`vg_data_id`) REFERENCES `vg_data` (`vg_data_id`) ON DELETE CASCADE ON UPDATE CASCADE,
  ADD CONSTRAINT `last_changes_ibfk_11` FOREIGN KEY (`vg_id`) REFERENCES `virtualgood` (`vg_id`) ON DELETE CASCADE ON UPDATE CASCADE,
  ADD CONSTRAINT `last_changes_ibfk_12` FOREIGN KEY (`vg_purchase_id`) REFERENCES `vg_purchases` (`vg_purchase_id`) ON DELETE CASCADE ON UPDATE CASCADE,
  ADD CONSTRAINT `last_changes_ibfk_13` FOREIGN KEY (`outgo_type_id`) REFERENCES `outgo_types` (`outgo_type_id`) ON DELETE CASCADE ON UPDATE CASCADE,
  ADD CONSTRAINT `last_changes_ibfk_2` FOREIGN KEY (`branch_id`) REFERENCES `branch` (`branch_id`) ON DELETE CASCADE ON UPDATE CASCADE,
  ADD CONSTRAINT `last_changes_ibfk_3` FOREIGN KEY (`client_id`) REFERENCES `clients` (`client_id`) ON DELETE CASCADE ON UPDATE CASCADE,
  ADD CONSTRAINT `last_changes_ibfk_4` FOREIGN KEY (`fiat_id`) REFERENCES `fiats` (`fiat_id`) ON DELETE CASCADE ON UPDATE CASCADE,
  ADD CONSTRAINT `last_changes_ibfk_5` FOREIGN KEY (`method_id`) REFERENCES `methods_of_obtaining` (`method_id`) ON DELETE CASCADE ON UPDATE CASCADE,
  ADD CONSTRAINT `last_changes_ibfk_6` FOREIGN KEY (`order_id`) REFERENCES `orders` (`order_id`) ON DELETE CASCADE ON UPDATE CASCADE,
  ADD CONSTRAINT `last_changes_ibfk_7` FOREIGN KEY (`payment_id`) REFERENCES `payments` (`payment_id`) ON DELETE CASCADE ON UPDATE CASCADE,
  ADD CONSTRAINT `last_changes_ibfk_8` FOREIGN KEY (`project_id`) REFERENCES `projects` (`project_id`) ON DELETE CASCADE ON UPDATE CASCADE,
  ADD CONSTRAINT `last_changes_ibfk_9` FOREIGN KEY (`user_id`) REFERENCES `users` (`user_id`) ON DELETE CASCADE ON UPDATE CASCADE;

--
-- Ограничения внешнего ключа таблицы `methods_of_obtaining`
--
ALTER TABLE `methods_of_obtaining`
  ADD CONSTRAINT `methods_of_obtaining_ibfk_1` FOREIGN KEY (`branch_id`) REFERENCES `branch` (`branch_id`) ON DELETE CASCADE ON UPDATE CASCADE;

--
-- Ограничения внешнего ключа таблицы `methods_processing_reports`
--
ALTER TABLE `methods_processing_reports`
  ADD CONSTRAINT `methods_processing_reports_ibfk_1` FOREIGN KEY (`fiat_id`) REFERENCES `fiats` (`fiat_id`) ON DELETE CASCADE ON UPDATE CASCADE,
  ADD CONSTRAINT `methods_processing_reports_ibfk_2` FOREIGN KEY (`method_id`) REFERENCES `methods_of_obtaining` (`method_id`) ON DELETE CASCADE ON UPDATE CASCADE;

--
-- Ограничения внешнего ключа таблицы `orders`
--
ALTER TABLE `orders`
  ADD CONSTRAINT `Order_ibfk_4` FOREIGN KEY (`client_id`) REFERENCES `clients` (`client_id`),
  ADD CONSTRAINT `orders_ibfk_1` FOREIGN KEY (`callmaster`) REFERENCES `clients` (`client_id`),
  ADD CONSTRAINT `orders_ibfk_2` FOREIGN KEY (`fiat_id`) REFERENCES `fiats` (`fiat_id`),
  ADD CONSTRAINT `orders_ibfk_3` FOREIGN KEY (`method_id`) REFERENCES `methods_of_obtaining` (`method_id`) ON DELETE CASCADE ON UPDATE CASCADE,
  ADD CONSTRAINT `orders_ibfk_4` FOREIGN KEY (`vg_data_id`) REFERENCES `vg_data` (`vg_data_id`) ON DELETE CASCADE ON UPDATE CASCADE;

--
-- Ограничения внешнего ключа таблицы `outgo`
--
ALTER TABLE `outgo`
  ADD CONSTRAINT `outgo_ibfk_1` FOREIGN KEY (`branch_id`) REFERENCES `branch` (`branch_id`) ON DELETE CASCADE ON UPDATE CASCADE,
  ADD CONSTRAINT `outgo_ibfk_2` FOREIGN KEY (`fiat_id`) REFERENCES `fiats` (`fiat_id`) ON DELETE CASCADE ON UPDATE CASCADE,
  ADD CONSTRAINT `outgo_ibfk_3` FOREIGN KEY (`project_id`) REFERENCES `projects` (`project_id`) ON DELETE CASCADE ON UPDATE CASCADE,
  ADD CONSTRAINT `outgo_ibfk_4` FOREIGN KEY (`outgo_type_id`) REFERENCES `outgo_types` (`outgo_type_id`) ON DELETE CASCADE ON UPDATE CASCADE,
  ADD CONSTRAINT `outgo_ibfk_5` FOREIGN KEY (`user_id`) REFERENCES `users` (`user_id`) ON DELETE CASCADE ON UPDATE CASCADE,
  ADD CONSTRAINT `outgo_ibfk_6` FOREIGN KEY (`user_as_owner_id`) REFERENCES `users` (`user_id`) ON DELETE CASCADE ON UPDATE CASCADE,
  ADD CONSTRAINT `outgo_ibfk_7` FOREIGN KEY (`vg_data_id`) REFERENCES `vg_data` (`vg_data_id`) ON DELETE CASCADE ON UPDATE CASCADE;

--
-- Ограничения внешнего ключа таблицы `outgoes_processing_reports`
--
ALTER TABLE `outgoes_processing_reports`
  ADD CONSTRAINT `outgoes_processing_reports_ibfk_1` FOREIGN KEY (`fiat_id`) REFERENCES `fiats` (`fiat_id`) ON DELETE CASCADE ON UPDATE CASCADE,
  ADD CONSTRAINT `outgoes_processing_reports_ibfk_2` FOREIGN KEY (`outgo_type_id`) REFERENCES `outgo_types` (`outgo_type_id`) ON DELETE CASCADE ON UPDATE CASCADE,
  ADD CONSTRAINT `outgoes_processing_reports_ibfk_3` FOREIGN KEY (`method_id`) REFERENCES `methods_of_obtaining` (`method_id`) ON DELETE CASCADE ON UPDATE CASCADE;

--
-- Ограничения внешнего ключа таблицы `outgo_types`
--
ALTER TABLE `outgo_types`
  ADD CONSTRAINT `outgo_types_ibfk_1` FOREIGN KEY (`branch_id`) REFERENCES `branch` (`branch_id`) ON DELETE CASCADE ON UPDATE CASCADE;

--
-- Ограничения внешнего ключа таблицы `outgo_types_relative`
--
ALTER TABLE `outgo_types_relative`
  ADD CONSTRAINT `outgo_types_relative_ibfk_1` FOREIGN KEY (`parent_id`) REFERENCES `outgo_types` (`outgo_type_id`) ON DELETE CASCADE ON UPDATE CASCADE,
  ADD CONSTRAINT `outgo_types_relative_ibfk_2` FOREIGN KEY (`son_id`) REFERENCES `outgo_types` (`outgo_type_id`) ON DELETE CASCADE ON UPDATE CASCADE;

--
-- Ограничения внешнего ключа таблицы `payments`
--
ALTER TABLE `payments`
  ADD CONSTRAINT `payments_ibfk_1` FOREIGN KEY (`client_debt_id`) REFERENCES `clients` (`client_id`),
  ADD CONSTRAINT `payments_ibfk_2` FOREIGN KEY (`client_rollback_id`) REFERENCES `clients` (`client_id`),
  ADD CONSTRAINT `payments_ibfk_3` FOREIGN KEY (`branch_id`) REFERENCES `branch` (`branch_id`),
  ADD CONSTRAINT `payments_ibfk_4` FOREIGN KEY (`fiat_id`) REFERENCES `fiats` (`fiat_id`),
  ADD CONSTRAINT `payments_ibfk_5` FOREIGN KEY (`vg_data_debt_id`) REFERENCES `vg_data` (`vg_data_id`) ON DELETE CASCADE ON UPDATE CASCADE,
  ADD CONSTRAINT `payments_ibfk_6` FOREIGN KEY (`method_id`) REFERENCES `methods_of_obtaining` (`method_id`) ON DELETE CASCADE ON UPDATE CASCADE;

--
-- Ограничения внешнего ключа таблицы `projects`
--
ALTER TABLE `projects`
  ADD CONSTRAINT `projects_ibfk_1` FOREIGN KEY (`branch_id`) REFERENCES `branch` (`branch_id`) ON DELETE CASCADE ON UPDATE CASCADE;

--
-- Ограничения внешнего ключа таблицы `report_shares`
--
ALTER TABLE `report_shares`
  ADD CONSTRAINT `report_shares_ibfk_1` FOREIGN KEY (`user_id`) REFERENCES `users` (`user_id`);

--
-- Ограничения внешнего ключа таблицы `rollback_paying`
--
ALTER TABLE `rollback_paying`
  ADD CONSTRAINT `Rollback_paying_ibfk_1` FOREIGN KEY (`user_id`) REFERENCES `users` (`user_id`),
  ADD CONSTRAINT `Rollback_paying_ibfk_2` FOREIGN KEY (`client_id`) REFERENCES `clients` (`client_id`),
  ADD CONSTRAINT `Rollback_paying_ibfk_22` FOREIGN KEY (`fiat_id`) REFERENCES `fiats` (`fiat_id`);

--
-- Ограничения внешнего ключа таблицы `shares`
--
ALTER TABLE `shares`
  ADD CONSTRAINT `shares_ibfk_2` FOREIGN KEY (`order_id`) REFERENCES `orders` (`order_id`),
  ADD CONSTRAINT `shares_ibfk_3` FOREIGN KEY (`user_as_owner_id`) REFERENCES `users` (`user_id`);

--
-- Ограничения внешнего ключа таблицы `users`
--
ALTER TABLE `users`
  ADD CONSTRAINT `users_ibfk_1` FOREIGN KEY (`branch_id`) REFERENCES `branch` (`branch_id`);

--
-- Ограничения внешнего ключа таблицы `vg_data`
--
ALTER TABLE `vg_data`
  ADD CONSTRAINT `vg_data_ibfk_1` FOREIGN KEY (`vg_id`) REFERENCES `virtualgood` (`vg_id`),
  ADD CONSTRAINT `vg_data_ibfk_2` FOREIGN KEY (`branch_id`) REFERENCES `branch` (`branch_id`);

--
-- Ограничения внешнего ключа таблицы `vg_processing_reports`
--
ALTER TABLE `vg_processing_reports`
  ADD CONSTRAINT `vg_processing_reports_ibfk_1` FOREIGN KEY (`fiat_id`) REFERENCES `fiats` (`fiat_id`),
  ADD CONSTRAINT `vg_processing_reports_ibfk_2` FOREIGN KEY (`vg_data_id`) REFERENCES `vg_data` (`vg_data_id`);

--
-- Ограничения внешнего ключа таблицы `vg_purchases`
--
ALTER TABLE `vg_purchases`
  ADD CONSTRAINT `vg_purchases_ibfk_1` FOREIGN KEY (`vg_data_id`) REFERENCES `vg_data` (`vg_data_id`) ON DELETE CASCADE ON UPDATE CASCADE,
  ADD CONSTRAINT `vg_purchases_ibfk_2` FOREIGN KEY (`fiat_id`) REFERENCES `fiats` (`fiat_id`) ON DELETE CASCADE ON UPDATE CASCADE,
  ADD CONSTRAINT `vg_purchases_ibfk_3` FOREIGN KEY (`user_id`) REFERENCES `users` (`user_id`) ON DELETE CASCADE ON UPDATE CASCADE;
COMMIT;

/*!40101 SET CHARACTER_SET_CLIENT=@OLD_CHARACTER_SET_CLIENT */;
/*!40101 SET CHARACTER_SET_RESULTS=@OLD_CHARACTER_SET_RESULTS */;
/*!40101 SET COLLATION_CONNECTION=@OLD_COLLATION_CONNECTION */;
